Id,websitetype,ENG Description,ENG address,FRA Description,FRA address,POR Description,POR address
AFG,NOC,NOC Afghanistan,http://www.olympic.org/en/content/National-Olympic-Committees/Afghanistan/,NOC Afghanistan,http://www.olympic.org/en/content/National-Olympic-Committees/Afghanistan/,CON Afeganistão,http://www.olympic.org/en/content/National-Olympic-Committees/Afghanistan/
AHO,NOC,NOC Netherlands Antilles,http://www.naoc.info/,NOC Antilles néerlandaises,http://www.naoc.info/,CON Antilhas Holandesas,http://www.naoc.info/
AIBA,IF,www.aiba.org,http://www.aiba.org/,www.aiba.org,http://www.aiba.org/,www.aiba.org,http://www.aiba.org/
ALB,NOC,NOC Albania,http://www.nocalbania.org.al/index.php?option=com_frontpage&Itemid=1,NOC Albanie,http://www.nocalbania.org.al/index.php?option=com_frontpage&Itemid=1,CON Albânia,http://www.nocalbania.org.al/index.php?option=com_frontpage&Itemid=1
ALG,NOC,NOC Algeria,http://www.comiteolympiquealgerien.com/,NOC Algérie,http://www.comiteolympiquealgerien.com/,CON Argélia,http://www.comiteolympiquealgerien.com/
AND,NOC,NOC Andorra,http://www.coa.ad/,NOC Andorre,http://www.coa.ad/,CON Andorra,http://www.coa.ad/
ANG,NOC,NOC Angola,http://www.olympic.org/en/content/National-Olympic-Committees/Angola/,NOC Angola,http://www.olympic.org/en/content/National-Olympic-Committees/Angola/,CON Angola,http://www.olympic.org/en/content/National-Olympic-Committees/Angola/
ANT,NOC,NOC Antigua and Barbuda,http://www.olympic.org/en/content/National-Olympic-Committees/Antigua-and-Barbuda/,NOC Antigua-et-Barbuda,http://www.olympic.org/en/content/National-Olympic-Committees/Antigua-and-Barbuda/,CON Antígua e Barbuda,http://www.olympic.org/en/content/National-Olympic-Committees/Antigua-and-Barbuda/
ARG,NOC,NOC Argentina,http://www.coarg.org.ar/,NOC Argentine,http://www.coarg.org.ar/,CON Argentina,http://www.coarg.org.ar/
ARM,NOC,NOC Armenia,http://www.armnoc.am/,NOC Arménie,http://www.armnoc.am/,CON Armênia,http://www.armnoc.am/
ARU,NOC,NOC Aruba,http://www.olympicaruba.com/index.php,NOC Aruba,http://www.olympicaruba.com/index.php,CON Aruba,http://www.olympicaruba.com/index.php
ASA,NOC,NOC American Samoa,http://www.sportingpulse.com/assoc_page.cgi?assoc=3843&pID=2,NOC Samoa américaines,http://www.sportingpulse.com/assoc_page.cgi?assoc=3843&pID=2,CON Samoa Americana,http://www.sportingpulse.com/assoc_page.cgi?assoc=3843&pID=2
AUS,NOC,NOC Australia,http://www.olympics.com.au/,NOC Australie,http://www.olympics.com.au/,CON Austrália,http://www.olympics.com.au/
AUT,NOC,NOC Austria,http://www.olympia.at/main.asp?VID=1&kat1=10&kat2=157&kat3=,NOC Autriche,http://www.olympia.at/main.asp?VID=1&kat1=10&kat2=157&kat3=,CON Áustria,http://www.olympia.at/main.asp?VID=1&kat1=10&kat2=157&kat3=
AZE,NOC,NOC Azerbaijan,http://www.noc-aze.org/,NOC Azerbaïdjan,http://www.noc-aze.org/,CON Azerbaijão,http://www.noc-aze.org/
BAH,NOC,NOC Bahamas,http://www.olympic.org/en/content/National-Olympic-Committees/Bahamas/,NOC Bahamas,http://www.olympic.org/en/content/National-Olympic-Committees/Bahamas/,CON Bahamas,http://www.olympic.org/en/content/National-Olympic-Committees/Bahamas/
BAN,NOC,NOC Bangladesh,http://www.olympic.org/bangladesh,NOC Bangladesh,http://www.olympic.org/bangladesh,CON Bangladesh,http://www.olympic.org/bangladesh
BAR,NOC,NOC Barbados,http://www.olympic.org.bb/,NOC Barbade,http://www.olympic.org.bb/,CON Barbados,http://www.olympic.org.bb/
BDI,NOC,NOC Burundi,http://www.olympic.org/en/content/National-Olympic-Committees/Burundi/,NOC Burundi,http://www.olympic.org/en/content/National-Olympic-Committees/Burundi/,CON Burundi,http://www.olympic.org/en/content/National-Olympic-Committees/Burundi/
BEL,NOC,NOC Belgium,http://www.olympic.be/,NOC Belgique,http://www.olympic.be/,CON Bélgica,http://www.olympic.be/
BEN,NOC,NOC Benin,http://www.olympic.org/en/content/National-Olympic-Committees/Benin/,NOC Bénin,http://www.olympic.org/en/content/National-Olympic-Committees/Benin/,CON Benin,http://www.olympic.org/en/content/National-Olympic-Committees/Benin/
BER,NOC,NOC Bermuda,http://www.olympics.bm/,NOC Bermudes,http://www.olympics.bm/,CON Bermudas,http://www.olympics.bm/
BHU,NOC,NOC Bhutan,http://www.olympic.org/en/content/National-Olympic-Committees/Bhutan/,NOC Bhoutan,http://www.olympic.org/en/content/National-Olympic-Committees/Bhutan/,CON Butão,http://www.olympic.org/en/content/National-Olympic-Committees/Bhutan/
BIH,NOC,NOC Bosnia and Herzegovina,http://www.okbih.ba/,NOC Bosnie-Herzégovine,http://www.okbih.ba/,CON Bósnia-Herzegovina,http://www.okbih.ba/
BIZ,NOC,NOC Belize,http://www.olympic.org/en/content/National-Olympic-Committees/Belize/,NOC Belize,http://www.olympic.org/en/content/National-Olympic-Committees/Belize/,CON Belize,http://www.olympic.org/en/content/National-Olympic-Committees/Belize/
BLR,NOC,NOC Belarus,http://www.noc.by/,NOC Bélarus,http://www.noc.by/,CON Belarus,http://www.noc.by/
BOL,NOC,NOC Bolivia,http://www.cobol.org.bo/,NOC Bolivie,http://www.cobol.org.bo/,CON Bolívia,http://www.cobol.org.bo/
BOT,NOC,NOC Botswana,http://www.olympic.org/en/content/National-Olympic-Committees/Botswana/,NOC Botswana,http://www.olympic.org/en/content/National-Olympic-Committees/Botswana/,CON Botsuana,http://www.olympic.org/en/content/National-Olympic-Committees/Botswana/
BRA,NOC,NOC Brazil,http://www.cob.org.br/home/home.asp,NOC Brésil,http://www.cob.org.br/home/home.asp,CON Brasil,http://www.cob.org.br/home/home.asp
BRN,NOC,NOC Bahrain,http://www.olympic.org/en/content/National-Olympic-Committees/Bahrain/,NOC Bahreïn,http://www.olympic.org/en/content/National-Olympic-Committees/Bahrain/,CON Bareine,http://www.olympic.org/en/content/National-Olympic-Committees/Bahrain/
BRU,NOC,NOC Brunei Darussalam,http://www.bruneiolympic.org/,NOC Brunéi Darussalam,http://www.bruneiolympic.org/,CON Brunei Darussalam,http://www.bruneiolympic.org/
BUL,NOC,NOC Bulgaria,http://www.bgolympic.org/,NOC Bulgarie,http://www.bgolympic.org/,CON Bulgária,http://www.bgolympic.org/
BUR,NOC,NOC Burkina Faso,http://www.olympic.org/en/content/National-Olympic-Committees/Burkina-Faso/,NOC Burkina Faso,http://www.olympic.org/en/content/National-Olympic-Committees/Burkina-Faso/,CON Burkina Faso,http://www.olympic.org/en/content/National-Olympic-Committees/Burkina-Faso/
BWF,IF,www.bwfbadminton.org,http://www.bwfbadminton.org/,www.bwfbadminton.org,http://www.bwfbadminton.org/,www.bwfbadminton.org,http://www.bwfbadminton.org/
CAF,NOC,NOC Central African Republic,http://www.olympic.org/en/content/National-Olympic-Committees/Central-African-Republic/,NOC République centrafricaine,http://www.olympic.org/en/content/National-Olympic-Committees/Central-African-Republic/,CON República Centroafricana,http://www.olympic.org/en/content/National-Olympic-Committees/Central-African-Republic/
CAM,NOC,NOC Cambodia,http://www.olympic.org/en/content/National-Olympic-Committees/Cambodia/,NOC Cambodge,http://www.olympic.org/en/content/National-Olympic-Committees/Cambodia/,CON Camboja,http://www.olympic.org/en/content/National-Olympic-Committees/Cambodia/
CAN,NOC,NOC Canada,http://www.olympic.ca/,NOC Canada,http://www.olympic.ca/,CON Canadá,http://www.olympic.ca/
CAY,NOC,NOC Cayman Islands,http://www.caymanolympic.org.ky/,NOC Îles Caïmans,http://www.caymanolympic.org.ky/,CON Ilhas Cayman,http://www.caymanolympic.org.ky/
CGO,NOC,NOC Congo,http://www.olympic.org/en/content/National-Olympic-Committees/Congo/,NOC Congo,http://www.olympic.org/en/content/National-Olympic-Committees/Congo/,CON Congo,http://www.olympic.org/en/content/National-Olympic-Committees/Congo/
CHA,NOC,NOC Chad,http://www.olympic.org/en/content/National-Olympic-Committees/Chad/,NOC Tchad,http://www.olympic.org/en/content/National-Olympic-Committees/Chad/,CON Chade,http://www.olympic.org/en/content/National-Olympic-Committees/Chad/
CHI,NOC,NOC Chile,http://www.coch.cl/,NOC Chili,http://www.coch.cl/,CON Chile,http://www.coch.cl/
CHN,NOC,NOC People's Republic of China,http://www.olympic.cn/,NOC République populaire de Chine,http://www.olympic.cn/,CON República Popular da China,http://www.olympic.cn/
CIV,NOC,NOC Côte d'Ivoire,http://www.olympic.org/en/content/National-Olympic-Committees/Cote-d-Ivoire/,NOC Côte d'Ivoire,http://www.olympic.org/en/content/National-Olympic-Committees/Cote-d-Ivoire/,CON Costa do Marfim,http://www.olympic.org/en/content/National-Olympic-Committees/Cote-d-Ivoire/
CMR,NOC,NOC Cameroon,http://www.olympic.org/en/content/National-Olympic-Committees/Cameroon/,NOC Cameroun,http://www.olympic.org/en/content/National-Olympic-Committees/Cameroon/,CON Camarões,http://www.olympic.org/en/content/National-Olympic-Committees/Cameroon/
COD,NOC,NOC Democratic Republic of the Congo,http://www.olympic.org/en/content/National-Olympic-Committees/Democratic-Republic-of-the-Congo/,NOC République démocratique du Congo,http://www.olympic.org/en/content/National-Olympic-Committees/Democratic-Republic-of-the-Congo/,CON República Democrática do Congo,http://www.olympic.org/en/content/National-Olympic-Committees/Democratic-Republic-of-the-Congo/
COK,NOC,NOC Cook Islands,http://www.sportingpulse.com/assoc_page.cgi?assoc=3844&pID=2,NOC Îles Cook,http://www.sportingpulse.com/assoc_page.cgi?assoc=3844&pID=2,CON Ilhas Cook,http://www.sportingpulse.com/assoc_page.cgi?assoc=3844&pID=2
COL,NOC,NOC Colombia,http://www.coc.org.co/,NOC Colombie,http://www.coc.org.co/,CON Colômbia,http://www.coc.org.co/
COM,NOC,NOC Comoros,http://www.olympic.org/en/content/National-Olympic-Committees/Comoros/,NOC Comores,http://www.olympic.org/en/content/National-Olympic-Committees/Comoros/,CON Comores,http://www.olympic.org/en/content/National-Olympic-Committees/Comoros/
CPV,NOC,NOC Cape Verde,http://www.olympic.org/en/content/National-Olympic-Committees/Cape-Verde/,NOC Cap-Vert,http://www.olympic.org/en/content/National-Olympic-Committees/Cape-Verde/,CON Cabo Verde,http://www.olympic.org/en/content/National-Olympic-Committees/Cape-Verde/
CRC,NOC,NOC Costa Rica,http://concrc.org/cms/,NOC Costa Rica,http://concrc.org/cms/,CON Costa Rica,http://concrc.org/cms/
CRO,NOC,NOC Croatia,http://www.hoo.hr/,NOC Croatie,http://www.hoo.hr/,CON Croácia,http://www.hoo.hr/
CUB,NOC,NOC Cuba,http://www.olympic.org/en/content/National-Olympic-Committees/Cuba/,NOC Cuba,http://www.olympic.org/en/content/National-Olympic-Committees/Cuba/,CON Cuba,http://www.olympic.org/en/content/National-Olympic-Committees/Cuba/
CYP,NOC,NOC Cyprus,http://www.olympic.org.cy/nqcontent.cfm?a_id=1,NOC Chypre,http://www.olympic.org.cy/nqcontent.cfm?a_id=1,CON Chipre,http://www.olympic.org.cy/nqcontent.cfm?a_id=1
CZE,NOC,NOC Czech Republic,http://www.olympic.cz/,NOC République tchèque,http://www.olympic.cz/,CON República Tcheca,http://www.olympic.cz/
DEN,NOC,NOC Denmark,http://www.olympic.org/en/content/National-Olympic-Committees/Denmark/,NOC Danemark,http://www.olympic.org/en/content/National-Olympic-Committees/Denmark/,CON Dinamarca,http://www.olympic.org/en/content/National-Olympic-Committees/Denmark/
DJI,NOC,NOC Djibouti,http://www.cnodj.org/,NOC Djibouti,http://www.cnodj.org/,CON Djibuti,http://www.cnodj.org/
DMA,NOC,NOC Dominica,http://www.olympic.org/en/content/National-Olympic-Committees/Dominica/,NOC Dominique,http://www.olympic.org/en/content/National-Olympic-Committees/Dominica/,CON Dominica,http://www.olympic.org/en/content/National-Olympic-Committees/Dominica/
DOM,NOC,NOC Dominican Republic,http://www.colimdo.org/,NOC République dominicaine,http://www.colimdo.org/,CON República Dominicana,http://www.colimdo.org/
ECU,NOC,NOC Ecuador,http://www.coe.org.ec/,NOC Équateur,http://www.coe.org.ec/,CON Equador,http://www.coe.org.ec/
EGY,NOC,NOC Egypt,http://www.olympic.org/en/content/National-Olympic-Committees/Egypt/,NOC Égypte,http://www.olympic.org/en/content/National-Olympic-Committees/Egypt/,CON Egito,http://www.olympic.org/en/content/National-Olympic-Committees/Egypt/
ERI,NOC,NOC Eritrea,http://www.olympic.org/en/content/National-Olympic-Committees/Eritrea/,NOC Érythrée,http://www.olympic.org/en/content/National-Olympic-Committees/Eritrea/,CON Eritreia,http://www.olympic.org/en/content/National-Olympic-Committees/Eritrea/
ESA,NOC,NOC El Salvador,http://www.comiteolimpicoesa.com/,NOC El Salvador,http://www.comiteolimpicoesa.com/,CON El Salvador,http://www.comiteolimpicoesa.com/
ESP,NOC,NOC Spain,http://www.coe.es/,NOC Espagne,http://www.coe.es/,CON Espanha,http://www.coe.es/
EST,NOC,NOC Estonia,http://www.eok.ee/,NOC Estonie,http://www.eok.ee/,CON Estônia,http://www.eok.ee/
ETH,NOC,NOC Ethiopia,http://www.olympic.org/en/content/National-Olympic-Committees/Ethiopia/,NOC Éthiopie,http://www.olympic.org/en/content/National-Olympic-Committees/Ethiopia/,CON Etiópia,http://www.olympic.org/en/content/National-Olympic-Committees/Ethiopia/
FEI,IF,www.fei.org,http://www.fei.org/,www.fei.org,http://www.fei.org/,www.fei.org,http://www.fei.org/
FIBA,IF,www.fiba.com,http://www.fiba.com/,www.fiba.com,http://www.fiba.com/,www.fiba.com,http://www.fiba.com/
FIE,IF,www.fie.ch,http://www.fie.ch/,www.fie.ch,http://www.fie.ch/,www.fie.ch,http://www.fie.ch/
FIFA,IF,www.fifa.com,http://www.fifa.com/,www.fifa.com,http://www.fifa.com/,www.fifa.com,http://www.fifa.com/
FIG,IF,www.fig-gymnastics.com,https://www.fig-gymnastics.com/site/,www.fig-gymnastics.com,https://www.fig-gymnastics.com/site/,www.fig-gymnastics.com,https://www.fig-gymnastics.com/site/
FIH,IF,www.fih.ch/en/hom,http://www.fih.ch/en/home,www.fih.ch/en/hom,http://www.fih.ch/en/home,www.fih.ch/en/hom,http://www.fih.ch/en/home
FIJ,NOC,NOC Fiji,http://www.fijiolympiccommittee.com/,NOC Fidji,http://www.fijiolympiccommittee.com/,CON Fiji,http://www.fijiolympiccommittee.com/
FIN,NOC,NOC Finland,http://www.noc.fi/,NOC Finlande,http://www.noc.fi/,CON Finlândia,http://www.noc.fi/
FINA,IF,www.fina.org,http://www.fina.org/,www.fina.org,http://www.fina.org/,www.fina.org,http://www.fina.org/
FISA,IF,www.worldrowing.com,http://www.worldrowing.com/,www.worldrowing.com,http://www.worldrowing.com/,www.worldrowing.com,http://www.worldrowing.com/
FIVB,IF,www.fivb.org,http://www.fivb.org/,www.fivb.org,http://www.fivb.org/,www.fivb.org,http://www.fivb.org/
FRA,NOC,NOC France,http://www.franceolympique.com/index.phtml,NOC France,http://www.franceolympique.com/index.phtml,CON França,http://www.franceolympique.com/index.phtml
FSM,NOC,NOC Federated States of Micronesia,http://www.sportingpulse.com/assoc_page.cgi?assoc=3845&pID=2,NOC États fédérés de Micronésie,http://www.sportingpulse.com/assoc_page.cgi?assoc=3845&pID=2,CON Estados Federados da Micronésia,http://www.sportingpulse.com/assoc_page.cgi?assoc=3845&pID=2
GAB,NOC,NOC Gabon,http://www.olympic.org/en/content/National-Olympic-Committees/Gabon/,NOC Gabon,http://www.olympic.org/en/content/National-Olympic-Committees/Gabon/,CON Gabão,http://www.olympic.org/en/content/National-Olympic-Committees/Gabon/
GAM,NOC,NOC Gambia,http://www.gnoc.gm/,NOC Gambie,http://www.gnoc.gm/,CON Gâmbia,http://www.gnoc.gm/
GBR,NOC,NOC Great Britain,http://www.teamgb.com/,NOC Grande-Bretagne,http://www.teamgb.com/,CON Grã-Bretanha,http://www.teamgb.com/
GBS,NOC,NOC Guinea-Bissau,http://www.olympic.org/en/content/National-Olympic-Committees/Guinea-Bissau/,NOC Guinée-Bissau,http://www.olympic.org/en/content/National-Olympic-Committees/Guinea-Bissau/,CON Guiné-Bissau,http://www.olympic.org/en/content/National-Olympic-Committees/Guinea-Bissau/
GEO,NOC,NOC Georgia,http://www.geonoc.org.ge/,NOC Géorgie,http://www.geonoc.org.ge/,CON Geórgia,http://www.geonoc.org.ge/
GEQ,NOC,NOC Equatorial Guinea,http://www.olympic.org/en/content/National-Olympic-Committees/Equatorial-Guinea/,NOC Guinée équatoriale,http://www.olympic.org/en/content/National-Olympic-Committees/Equatorial-Guinea/,CON Guiné Equatorial,http://www.olympic.org/en/content/National-Olympic-Committees/Equatorial-Guinea/
GER,NOC,NOC Germany,http://www.dosb.de/de/,NOC Allemagne,http://www.dosb.de/de/,CON Alemanha,http://www.dosb.de/de/
GHA,NOC,NOC Ghana,http://www.olympic.org/en/content/National-Olympic-Committees/Ghana/,NOC Ghana,http://www.olympic.org/en/content/National-Olympic-Committees/Ghana/,CON Gana,http://www.olympic.org/en/content/National-Olympic-Committees/Ghana/
GRE,NOC,NOC Greece,http://www.hoc.gr/,NOC Grèce,http://www.hoc.gr/,CON Grécia,http://www.hoc.gr/
GRN,NOC,NOC Grenada,http://www.olympic.org/en/content/National-Olympic-Committees/Grenada/,NOC Grenade,http://www.olympic.org/en/content/National-Olympic-Committees/Grenada/,CON Granada,http://www.olympic.org/en/content/National-Olympic-Committees/Grenada/
GUA,NOC,NOC Guatemala,http://www.cog.org.gt/,NOC Guatemala,http://www.cog.org.gt/,CON Guatemala,http://www.cog.org.gt/
GUI,NOC,NOC Guinea,http://www.olympic.org/en/content/National-Olympic-Committees/Guinea/,NOC Guinée,http://www.olympic.org/en/content/National-Olympic-Committees/Guinea/,CON Guiné,http://www.olympic.org/en/content/National-Olympic-Committees/Guinea/
GUM,NOC,NOC Guam,http://www.olympic.org/en/content/National-Olympic-Committees/Guam/,NOC Guam,http://www.olympic.org/en/content/National-Olympic-Committees/Guam/,CON Guam,http://www.olympic.org/en/content/National-Olympic-Committees/Guam/
GUY,NOC,NOC Guyana,http://www.olympic.org/en/content/National-Olympic-Committees/Guyana/,NOC Guyana,http://www.olympic.org/en/content/National-Olympic-Committees/Guyana/,CON Guiana,http://www.olympic.org/en/content/National-Olympic-Committees/Guyana/
HAI,NOC,NOC Haiti,http://www.olympic.org/en/content/National-Olympic-Committees/Haiti/,NOC Haïti,http://www.olympic.org/en/content/National-Olympic-Committees/Haiti/,CON Haiti,http://www.olympic.org/en/content/National-Olympic-Committees/Haiti/
HKG,NOC,"NOC Hong Kong, China",http://www.hkolympic.org/,"NOC Hong Kong, Chine",http://www.hkolympic.org/,"CON Hong Kong, China",http://www.hkolympic.org/
HON,NOC,NOC Honduras,http://www.olympic.org/en/content/National-Olympic-Committees/Honduras/,NOC Honduras,http://www.olympic.org/en/content/National-Olympic-Committees/Honduras/,CON Honduras,http://www.olympic.org/en/content/National-Olympic-Committees/Honduras/
HUN,NOC,NOC Hungary,http://www.olympic-hun.org/,NOC Hongrie,http://www.olympic-hun.org/,CON Hungria,http://www.olympic-hun.org/
IAAF,IF,www.iaaf.org,http://www.iaaf.org/,www.iaaf.org,http://www.iaaf.org/,www.iaaf.org,http://www.iaaf.org/
ICF,IF,www.canoeicf.com/icf,http://www.canoeicf.com/icf/,www.canoeicf.com/icf,http://www.canoeicf.com/icf/,www.canoeicf.com/icf,http://www.canoeicf.com/icf/
IHF,IF,www.ihf.info,http://www.ihf.info/,www.ihf.info,http://www.ihf.info/,www.ihf.info,http://www.ihf.info/
IJF,IF,www.ijf.org,http://www.ijf.org/,www.ijf.org,http://www.ijf.org/,www.ijf.org,http://www.ijf.org/
INA,NOC,NOC Indonesia,http://www.olympic.org/indonesia,NOC Indonésie,http://www.olympic.org/indonesia,CON Indonésia,http://www.olympic.org/indonesia
IND,NOC,NOC India,http://www.olympic.ind.in/,NOC Inde,http://www.olympic.ind.in/,CON Índia,http://www.olympic.ind.in/
IOC,IOC,The International Olympic Committee Website,http://www.olympic.org/en/content/The-IOC/,Site web du Comité International Olympique,http://www.olympic.org/en/content/The-IOC/,Site do Comitê Olímpico Internacional,http://www.olympic.org/en/content/The-IOC/
IRI,NOC,NOC Islamic Republic of Iran,http://www.olympic.ir/home-en.html,NOC République islamique d'Iran,http://www.olympic.ir/home-en.html,CON República Islâmica do Irã,http://www.olympic.ir/home-en.html
IRL,NOC,NOC Ireland,http://www.olympicsport.ie/,NOC Irlande,http://www.olympicsport.ie/,CON Irlanda,http://www.olympicsport.ie/
IRQ,NOC,NOC Iraq,http://www.olympic.org/iraq,NOC Iraq,http://www.olympic.org/iraq,CON Iraque,http://www.olympic.org/iraq
ISL,NOC,NOC Iceland,http://www.olympic.org/en/content/National-Olympic-Committees/Iceland/,NOC Islande,http://www.olympic.org/en/content/National-Olympic-Committees/Iceland/,CON Islândia,http://www.olympic.org/en/content/National-Olympic-Committees/Iceland/
ISR,NOC,NOC Israel,http://www.olympic.one.co.il/,NOC Israël,http://www.olympic.one.co.il/,CON Israel,http://www.olympic.one.co.il/
ISSF,IF,www.issf-sports.org,http://www.issf-sports.org/,www.issf-sports.org,http://www.issf-sports.org/,www.issf-sports.org,http://www.issf-sports.org/
ISV,NOC,"NOC Virgin Islands, US",http://www.virginislandsolympics.com/,NOC Îles Vierges des États-Unis,http://www.virginislandsolympics.com/,CON Ilhas Virgens Americanas,http://www.virginislandsolympics.com/
ITA,NOC,NOC Italy,http://www.coni.it/,NOC Italie,http://www.coni.it/,CON Itália,http://www.coni.it/
ITF,IF,www.itftennis.com,http://www.itftennis.com/,www.itftennis.com,http://www.itftennis.com/,www.itftennis.com,http://www.itftennis.com/
ITTF,IF,www.ittf.com,http://www.ittf.com/,www.ittf.com,http://www.ittf.com/,www.ittf.com,http://www.ittf.com/
ITU,IF,www.triathlon.org,http://www.triathlon.org/,www.triathlon.org,http://www.triathlon.org/,www.triathlon.org,http://www.triathlon.org/
IVB,NOC,"NOC Virgin Islands, British",http://www.bviolympics.org/,NOC Îles Vierges britanniques,http://www.bviolympics.org/,CON Ilhas Virgens Britânicas,http://www.bviolympics.org/
IWF,IF,www.iwf.net,http://www.iwf.net/,www.iwf.net,http://www.iwf.net/,www.iwf.net,http://www.iwf.net/
JAM,NOC,NOC Jamaica,http://www.jamolympic.org/,NOC Jamaïque,http://www.jamolympic.org/,CON Jamaica,http://www.jamolympic.org/
JOR,NOC,NOC Jordan,http://www.joc.jo/,NOC Jordanie,http://www.joc.jo/,CON Jordânia,http://www.joc.jo/
JPN,NOC,NOC Japan,http://www.joc.or.jp/index.html,NOC Japon,http://www.joc.or.jp/index.html,CON Japão,http://www.joc.or.jp/index.html
KAZ,NOC,NOC Kazakhstan,http://www.olympic.kz/,NOC Kazakhstan,http://www.olympic.kz/,CON Cazaquistão,http://www.olympic.kz/
KEN,NOC,NOC Kenya,http://www.olympic.org/en/content/National-Olympic-Committees/Kenya/,NOC Kenya,http://www.olympic.org/en/content/National-Olympic-Committees/Kenya/,CON Quênia,http://www.olympic.org/en/content/National-Olympic-Committees/Kenya/
KGZ,NOC,NOC Kyrgyzstan,http://www.olympic.kg/,NOC Kirghizistan,http://www.olympic.kg/,CON Quirguistão,http://www.olympic.kg/
KIR,NOC,NOC Kiribati,http://www.sportingpulse.com/assoc_page.cgi?assoc=3848&pID=2,NOC Kiribati,http://www.sportingpulse.com/assoc_page.cgi?assoc=3848&pID=2,CON Kiribati,http://www.sportingpulse.com/assoc_page.cgi?assoc=3848&pID=2
KOR,NOC,NOC Republic of Korea,http://www.koc.org/intro/2010/intro.html,NOC République de Corée,http://www.koc.org/intro/2010/intro.html,CON República da Coréia,http://www.koc.org/intro/2010/intro.html
KSA,NOC,NOC Saudi Arabia,http://www.saudiolympic.org.sa/,NOC Arabie saoudite,http://www.saudiolympic.org.sa/,CON Arábia Saudita,http://www.saudiolympic.org.sa/
KUW,NOC,NOC Kuwait,http://www.olympic.org/en/content/National-Olympic-Committees/Kuwait/,NOC Koweït,http://www.olympic.org/en/content/National-Olympic-Committees/Kuwait/,CON Kuaite,http://www.olympic.org/en/content/National-Olympic-Committees/Kuwait/
LAO,NOC,NOC Lao People's Democratic Republic,http://www.olympic.org/en/content/National-Olympic-Committees/Lao-Peoples-Democratic-Republic/,NOC République démocratique populaire lao,http://www.olympic.org/en/content/National-Olympic-Committees/Lao-Peoples-Democratic-Republic/,CON República Democrática Popular do Laos,http://www.olympic.org/en/content/National-Olympic-Committees/Lao-Peoples-Democratic-Republic/
LAT,NOC,NOC Latvia,http://www.olimpiade.lv/lat/lok/,NOC Lettonie,http://www.olimpiade.lv/lat/lok/,CON Letônia,http://www.olimpiade.lv/lat/lok/
LBA,NOC,NOC Libya,http://www.olympic.ly/home.php,NOC Libye,http://www.olympic.ly/home.php,CON Líbia,http://www.olympic.ly/home.php
LBR,NOC,NOC Liberia,http://www.olympic.org/en/content/National-Olympic-Committees/Liberia/,NOC Libéria,http://www.olympic.org/en/content/National-Olympic-Committees/Liberia/,CON Libéria,http://www.olympic.org/en/content/National-Olympic-Committees/Liberia/
LCA,NOC,NOC Saint Lucia,http://www.slunoc.org/,NOC Sainte-Lucie,http://www.slunoc.org/,CON Santa Lúcia,http://www.slunoc.org/
LES,NOC,NOC Lesotho,http://www.olympic.org/en/content/National-Olympic-Committees/Lesotho/,NOC Lesotho,http://www.olympic.org/en/content/National-Olympic-Committees/Lesotho/,CON Lesoto,http://www.olympic.org/en/content/National-Olympic-Committees/Lesotho/
LIB,NOC,NOC Lebanon,http://www.olympic.org/en/content/National-Olympic-Committees/Lebanon/,NOC Liban,http://www.olympic.org/en/content/National-Olympic-Committees/Lebanon/,CON Líbano,http://www.olympic.org/en/content/National-Olympic-Committees/Lebanon/
LIE,NOC,NOC Liechtenstein,http://www.losv.li/,NOC Liechtenstein,http://www.losv.li/,CON Liechtenstein,http://www.losv.li/
LTU,NOC,NOC Lithuania,http://www.ltok.lt/,NOC Lituanie,http://www.ltok.lt/,CON Lituânia,http://www.ltok.lt/
LUX,NOC,NOC Luxembourg,http://www.cosl.lu/,NOC Luxembourg,http://www.cosl.lu/,CON Luxemburgo,http://www.cosl.lu/
MAD,NOC,NOC Madagascar,http://www.olympic.org/en/content/National-Olympic-Committees/Madagascar/,NOC Madagascar,http://www.olympic.org/en/content/National-Olympic-Committees/Madagascar/,CON Madagascar,http://www.olympic.org/en/content/National-Olympic-Committees/Madagascar/
MAR,NOC,NOC Morocco,http://www.olympic.org/morocco,NOC Maroc,http://www.olympic.org/morocco,CON Marrocos,http://www.olympic.org/morocco
MAS,NOC,NOC Malaysia,http://www.olympic.org/malaysia,NOC Malaisie,http://www.olympic.org/malaysia,CON Malásia,http://www.olympic.org/malaysia
MAW,NOC,NOC Malawi,http://www.olympic.org/en/content/National-Olympic-Committees/Malawi/,NOC Malawi,http://www.olympic.org/en/content/National-Olympic-Committees/Malawi/,CON Maláui,http://www.olympic.org/en/content/National-Olympic-Committees/Malawi/
MDA,NOC,NOC Republic of Moldova,http://www.olympic.md/,NOC République de Moldova,http://www.olympic.md/,CON República da Moldova,http://www.olympic.md/
MDV,NOC,NOC Maldives,http://www.nocmaldives.org/,NOC Maldives,http://www.nocmaldives.org/,CON Maldivas,http://www.nocmaldives.org/
MEX,NOC,NOC Mexico,http://www.com.org.mx/,NOC Mexique,http://www.com.org.mx/,CON México,http://www.com.org.mx/
MGL,NOC,NOC Mongolia,http://www.olympic.org/mongolia,NOC Mongolie,http://www.olympic.org/mongolia,CON Mongólia,http://www.olympic.org/mongolia
MHL,NOC,NOC Marshall Islands,http://www.olympic.org/en/content/National-Olympic-Committees/Marshall-Islands/,NOC Îles Marshall,http://www.olympic.org/en/content/National-Olympic-Committees/Marshall-Islands/,CON Ilhas Marshall,http://www.olympic.org/en/content/National-Olympic-Committees/Marshall-Islands/
MKD,NOC,NOC The Former Yugoslav Republic of Macedonia,http://www.mok.org.mk/,NOC ex-République yougoslave de Macédoine,http://www.mok.org.mk/,CON Ex-República Iugoslava da Macedônia,http://www.mok.org.mk/
MLI,NOC,NOC Mali,http://www.en.acnolympic.org/acno/fiches/cno.php?id=117&l=en,NOC Mali,http://www.en.acnolympic.org/acno/fiches/cno.php?id=117&l=en,CON Mali,http://www.en.acnolympic.org/acno/fiches/cno.php?id=117&l=en
MLT,NOC,NOC Malta,http://www.nocmalta.org/,NOC Malte,http://www.nocmalta.org/,CON Malta,http://www.nocmalta.org/
MNE,NOC,NOC Montenegro,http://www.cokcg.org/,NOC Monténégro,http://www.cokcg.org/,CON Montenegro,http://www.cokcg.org/
MON,NOC,NOC Monaco,http://www.comite-olympique.mc/,NOC Monaco,http://www.comite-olympique.mc/,CON Mônaco,http://www.comite-olympique.mc/
MOZ,NOC,NOC Mozambique,http://www.olympic.org/en/content/National-Olympic-Committees/Mozambique/,NOC Mozambique,http://www.olympic.org/en/content/National-Olympic-Committees/Mozambique/,CON Moçambique,http://www.olympic.org/en/content/National-Olympic-Committees/Mozambique/
MRI,NOC,NOC Mauritius,http://www.olympic.org/en/content/National-Olympic-Committees/Mauritius/,NOC Maurice,http://www.olympic.org/en/content/National-Olympic-Committees/Mauritius/,CON Maurício,http://www.olympic.org/en/content/National-Olympic-Committees/Mauritius/
MTN,NOC,NOC Mauritania,http://www.olympic.org/en/content/National-Olympic-Committees/Mauritania/,NOC Mauritanie,http://www.olympic.org/en/content/National-Olympic-Committees/Mauritania/,CON Mauritânia,http://www.olympic.org/en/content/National-Olympic-Committees/Mauritania/
MYA,NOC,NOC Myanmar,http://www.olympic.org/en/content/National-Olympic-Committees/Myanmar/,NOC Myanmar,http://www.olympic.org/en/content/National-Olympic-Committees/Myanmar/,CON Myanmar,http://www.olympic.org/en/content/National-Olympic-Committees/Myanmar/
NAM,NOC,NOC Namibia,http://www.olympic.org/en/content/National-Olympic-Committees/Namibia/,NOC Namibie,http://www.olympic.org/en/content/National-Olympic-Committees/Namibia/,CON Namíbia,http://www.olympic.org/en/content/National-Olympic-Committees/Namibia/
NCA,NOC,NOC Nicaragua,http://www.olympic.org/en/content/National-Olympic-Committees/Nicaragua/,NOC Nicaragua,http://www.olympic.org/en/content/National-Olympic-Committees/Nicaragua/,CON Nicarágua,http://www.olympic.org/en/content/National-Olympic-Committees/Nicaragua/
NED,NOC,NOC Netherlands,http://www.nocnsf.nl/en,NOC Pays-Bas,http://www.nocnsf.nl/en,CON Países Baixos,http://www.nocnsf.nl/en
NEP,NOC,NOC Nepal,http://www.nocnepal.org.np/,NOC Népal,http://www.nocnepal.org.np/,CON Nepal,http://www.nocnepal.org.np/
NGR,NOC,NOC Nigeria,http://www.olympic.org/en/content/National-Olympic-Committees/Nigeria/,NOC Nigéria,http://www.olympic.org/en/content/National-Olympic-Committees/Nigeria/,CON Nigéria,http://www.olympic.org/en/content/National-Olympic-Committees/Nigeria/
NIG,NOC,NOC Niger,http://www.olympic.org/en/content/National-Olympic-Committees/Niger/,NOC Niger,http://www.olympic.org/en/content/National-Olympic-Committees/Niger/,CON Níger,http://www.olympic.org/en/content/National-Olympic-Committees/Niger/
NOR,NOC,NOC Norway,http://www.idrett.no/Sider/nif.aspx,NOC Norvège,http://www.idrett.no/Sider/nif.aspx,CON Noruega,http://www.idrett.no/Sider/nif.aspx
NRU,NOC,NOC Nauru,http://www.sportingpulse.com/assoc_page.cgi?assoc=3847&pID=2,NOC Nauru,http://www.sportingpulse.com/assoc_page.cgi?assoc=3847&pID=2,CON Nauru,http://www.sportingpulse.com/assoc_page.cgi?assoc=3847&pID=2
NZL,NOC,NOC New Zealand,http://www.olympic.org.nz/,NOC Nouvelle-Zélande,http://www.olympic.org.nz/,CON Nova Zelândia,http://www.olympic.org.nz/
OBS,ORG,Olympic Broadcasting Services,http://www.obs.es/,Services olympiques de radio-télévision,http://www.obs.es/,Olímpicos de Serviços de Radiodifusão,http://www.obs.es/
OMA,NOC,NOC Oman,http://www.omanolympic.org.om/,NOC Oman,http://www.omanolympic.org.om/,CON Omã,http://www.omanolympic.org.om/
PAK,NOC,NOC Pakistan,http://www.olympic.org/en/content/National-Olympic-Committees/Pakistan/,NOC Pakistan,http://www.olympic.org/en/content/National-Olympic-Committees/Pakistan/,CON Paquistão,http://www.olympic.org/en/content/National-Olympic-Committees/Pakistan/
PAN,NOC,NOC Panama,http://www.olympic.org/en/content/National-Olympic-Committees/Panama/,NOC Panama,http://www.olympic.org/en/content/National-Olympic-Committees/Panama/,CON Panamá,http://www.olympic.org/en/content/National-Olympic-Committees/Panama/
PAR,NOC,NOC Paraguay,http://www.olympic.org/en/content/National-Olympic-Committees/Paraguay/,NOC Paraguay,http://www.olympic.org/en/content/National-Olympic-Committees/Paraguay/,CON Paraguai,http://www.olympic.org/en/content/National-Olympic-Committees/Paraguay/
PER,NOC,NOC Peru,http://www.olympic.org/en/content/National-Olympic-Committees/Peru/,NOC Pérou,http://www.olympic.org/en/content/National-Olympic-Committees/Peru/,CON Peru,http://www.olympic.org/en/content/National-Olympic-Committees/Peru/
PHI,NOC,NOC Philippines,http://www.olympic.ph/,NOC Philippines,http://www.olympic.ph/,CON Filipinas,http://www.olympic.ph/
PLE,NOC,NOC Palestine,http://www.olympic.org/en/content/National-Olympic-Committees/Palestine/,NOC Palestine,http://www.olympic.org/en/content/National-Olympic-Committees/Palestine/,CON Palestina,http://www.olympic.org/en/content/National-Olympic-Committees/Palestine/
PLW,NOC,NOC Palau,http://www.sportingpulse.com/assoc_page.cgi?assoc=3853&pID=2,NOC Palaos,http://www.sportingpulse.com/assoc_page.cgi?assoc=3853&pID=2,CON Palau,http://www.sportingpulse.com/assoc_page.cgi?assoc=3853&pID=2
PNG,NOC,NOC Papua New Guinea,http://www.sportingpulse.com/assoc_page.cgi?assoc=3854&pID=2,NOC Papouasie-Nouvelle-Guinée,http://www.sportingpulse.com/assoc_page.cgi?assoc=3854&pID=2,CON Papua Nova Guiné,http://www.sportingpulse.com/assoc_page.cgi?assoc=3854&pID=2
POL,NOC,NOC Poland,http://www.olimpijski.pl/pl/,NOC Pologne,http://www.olimpijski.pl/pl/,CON Polônia,http://www.olimpijski.pl/pl/
POR,NOC,NOC Portugal,http://www.comiteolimpicoportugal.com/,NOC Portugal,http://www.comiteolimpicoportugal.com/,CON Portugal,http://www.comiteolimpicoportugal.com/
PRK,NOC,NOC Democratic People's Republic of Korea,http://www.olympic.org/en/content/National-Olympic-Committees/Democratic-Peoples-Republic-of-Korea/,NOC République populaire démocratique de Corée,http://www.olympic.org/en/content/National-Olympic-Committees/Democratic-Peoples-Republic-of-Korea/,CON República Popular Democrática da Coréia,http://www.olympic.org/en/content/National-Olympic-Committees/Democratic-Peoples-Republic-of-Korea/
PUR,NOC,NOC Puerto Rico,http://www.copur.pr/,NOC Porto Rico,http://www.copur.pr/,CON Porto Rico,http://www.copur.pr/
QAT,NOC,NOC Qatar,http://qatarolympics.com/,NOC Qatar,http://qatarolympics.com/,CON Catar,http://qatarolympics.com/
ROU,NOC,NOC Romania,http://www.cosr.ro/,NOC Roumanie,http://www.cosr.ro/,CON Romênia,http://www.cosr.ro/
RSA,NOC,NOC South Africa,http://www.sascoc.co.za/,NOC Afrique du Sud,http://www.sascoc.co.za/,CON África do Sul,http://www.sascoc.co.za/
RUS,NOC,NOC Russian Federation,http://www.roc.ru/,NOC Fédération de Russie,http://www.roc.ru/,CON Federação da Rússia,http://www.roc.ru/
RWA,NOC,NOC Rwanda,http://www.olympic.org/en/content/National-Olympic-Committees/Rwanda/,NOC Rwanda,http://www.olympic.org/en/content/National-Olympic-Committees/Rwanda/,CON Ruanda,http://www.olympic.org/en/content/National-Olympic-Committees/Rwanda/
SAM,NOC,NOC Samoa,http://www.sportingpulse.com/assoc_page.cgi?assoc=3855&pID=2,NOC Samoa,http://www.sportingpulse.com/assoc_page.cgi?assoc=3855&pID=2,CON Samoa,http://www.sportingpulse.com/assoc_page.cgi?assoc=3855&pID=2
SCG,NOC,NOC Serbia and Montenegro,http://www.oks.org.rs/,NOC Serbie-et-Monténégro,http://www.oks.org.rs/,CON Estado da Sérvia e Montenegro,http://www.oks.org.rs/
SEN,NOC,NOC Senegal,http://www.olympic.org/en/content/National-Olympic-Committees/Senegal/,NOC Sénégal,http://www.olympic.org/en/content/National-Olympic-Committees/Senegal/,CON Senegal,http://www.olympic.org/en/content/National-Olympic-Committees/Senegal/
SEY,NOC,NOC Seychelles,http://www.olympic.org/en/content/National-Olympic-Committees/Seychelles/,NOC Seychelles,http://www.olympic.org/en/content/National-Olympic-Committees/Seychelles/,CON Seicheles,http://www.olympic.org/en/content/National-Olympic-Committees/Seychelles/
SIN,NOC,NOC Singapore,http://www.singaporeolympics.com/,NOC Singapour,http://www.singaporeolympics.com/,CON Cingapura,http://www.singaporeolympics.com/
SKN,NOC,NOC Saint Kitts and Nevis,http://www.olympic.org/en/content/National-Olympic-Committees/Saint-Kitts-and-Nevis/,NOC Saint-Kitts-et-Nevis,http://www.olympic.org/en/content/National-Olympic-Committees/Saint-Kitts-and-Nevis/,CON São Cristóvão e Névis,http://www.olympic.org/en/content/National-Olympic-Committees/Saint-Kitts-and-Nevis/
SLE,NOC,NOC Sierra Leone,http://www.nocsl.org/,NOC Sierra Leone,http://www.nocsl.org/,CON Serra Leoa,http://www.nocsl.org/
SLO,NOC,NOC Slovenia,http://www.olympic.si/,NOC Slovénie,http://www.olympic.si/,CON Eslovênia,http://www.olympic.si/
SMR,NOC,NOC San Marino,http://www.cons.sm/,NOC Saint-Marin,http://www.cons.sm/,CON San Marino,http://www.cons.sm/
SOL,NOC,NOC Solomon Islands,http://www.sportingpulse.com/assoc_page.cgi?assoc=3856&pID=2,NOC Îles Salomon,http://www.sportingpulse.com/assoc_page.cgi?assoc=3856&pID=2,CON Ilhas Salomão,http://www.sportingpulse.com/assoc_page.cgi?assoc=3856&pID=2
SOM,NOC,NOC Somalia,http://www.olympic.org/en/content/National-Olympic-Committees/Somalia/,NOC Somalie,http://www.olympic.org/en/content/National-Olympic-Committees/Somalia/,CON Somália,http://www.olympic.org/en/content/National-Olympic-Committees/Somalia/
SRI,NOC,NOC Sri Lanka,http://www.olympic.org/en/content/National-Olympic-Committees/Sri-Lanka/,NOC Sri Lanka,http://www.olympic.org/en/content/National-Olympic-Committees/Sri-Lanka/,CON Sri Lanka,http://www.olympic.org/en/content/National-Olympic-Committees/Sri-Lanka/
STP,NOC,NOC Sao Tome and Principe,http://www.en.acnolympic.org/acno/fiches/cno.php?id=166&l=en,NOC Sao Tomé-et-Principe,http://www.en.acnolympic.org/acno/fiches/cno.php?id=166&l=en,CON São Tomé e Príncipe,http://www.en.acnolympic.org/acno/fiches/cno.php?id=166&l=en
SUD,NOC,NOC Sudan,http://www.olympic.org/en/content/National-Olympic-Committees/Sudan/,NOC Soudan,http://www.olympic.org/en/content/National-Olympic-Committees/Sudan/,CON Sudão,http://www.olympic.org/en/content/National-Olympic-Committees/Sudan/
SUI,NOC,NOC Switzerland,http://www.swissolympic.ch/,NOC Suisse,http://www.swissolympic.ch/,CON Suíça,http://www.swissolympic.ch/
SUR,NOC,NOC Suriname,http://www.olympic.org/en/content/National-Olympic-Committees/Suriname/,NOC Suriname,http://www.olympic.org/en/content/National-Olympic-Committees/Suriname/,CON Suriname,http://www.olympic.org/en/content/National-Olympic-Committees/Suriname/
SVK,NOC,NOC Slovakia,http://www.olympic.sk/,NOC Slovaquie,http://www.olympic.sk/,CON Eslováquia,http://www.olympic.sk/
SWE,NOC,NOC Sweden,http://www.sok.se/,NOC Suède,http://www.sok.se/,CON Suécia,http://www.sok.se/
SWZ,NOC,NOC Swaziland,http://www.olympic.org/en/content/National-Olympic-Committees/Swaziland/,NOC Swaziland,http://www.olympic.org/en/content/National-Olympic-Committees/Swaziland/,CON Suazilândia,http://www.olympic.org/en/content/National-Olympic-Committees/Swaziland/
SYR,NOC,NOC Syrian Arab Republic,http://www.olympic.org/fr/republique-arabe-syrienne,NOC République arabe syrienne,http://www.olympic.org/fr/republique-arabe-syrienne,CON República Árabe da Síria,http://www.olympic.org/fr/republique-arabe-syrienne
TAN,NOC,NOC United Republic of Tanzania,http://www.olympic.org/en/content/National-Olympic-Committees/United-Republic-of-Tanzania/,NOC République unie de Tanzanie,http://www.olympic.org/en/content/National-Olympic-Committees/United-Republic-of-Tanzania/,CON República Unida da Tanzânia,http://www.olympic.org/en/content/National-Olympic-Committees/United-Republic-of-Tanzania/
TGA,NOC,NOC Tonga,http://www.sportingpulse.com/assoc_page.cgi?assoc=3857&pID=2,NOC Tonga,http://www.sportingpulse.com/assoc_page.cgi?assoc=3857&pID=2,CON Tonga,http://www.sportingpulse.com/assoc_page.cgi?assoc=3857&pID=2
THA,NOC,NOC Thailand,http://www.olympicthai.or.th/index_t.asp,NOC Thaïlande,http://www.olympicthai.or.th/index_t.asp,CON Tailândia,http://www.olympicthai.or.th/index_t.asp
TJK,NOC,NOC Tajikistan,http://www.olympic.tj/,NOC Tadjikistan,http://www.olympic.tj/,CON Tadjiquistão,http://www.olympic.tj/
TKM,NOC,NOC Turkmenistan,http://www.olympic.org/en/content/National-Olympic-Committees/Turkmenistan/,NOC Turkménistan,http://www.olympic.org/en/content/National-Olympic-Committees/Turkmenistan/,CON Turcomenistão,http://www.olympic.org/en/content/National-Olympic-Committees/Turkmenistan/
TLS,NOC,NOC Democratic Republic of Timor-Leste,http://www.olympic.org/en/content/National-Olympic-Committees/Timor-Leste/,NOC République démocratique du Timor-Leste,http://www.olympic.org/en/content/National-Olympic-Committees/Timor-Leste/,CON República Democrática de Timor-Leste,http://www.olympic.org/en/content/National-Olympic-Committees/Timor-Leste/
TOG,NOC,NOC Togo,http://www.olympic.org/en/content/National-Olympic-Committees/Togo/,NOC Togo,http://www.olympic.org/en/content/National-Olympic-Committees/Togo/,CON Togo,http://www.olympic.org/en/content/National-Olympic-Committees/Togo/
TPE,NOC,NOC Chinese Taipei,http://www.tpenoc.net/,NOC Chinese Taipei,http://www.tpenoc.net/,CON Taipé Chinesa,http://www.tpenoc.net/
TTO,NOC,NOC Trinidad and Tobago,http://www.ttoc.org/,NOC Trinité-et-Tobago,http://www.ttoc.org/,CON Trinidad e Tobago,http://www.ttoc.org/
TUN,NOC,NOC Tunisia,http://www.cnot.org.tn/,NOC Tunisie,http://www.cnot.org.tn/,CON Tunísia,http://www.cnot.org.tn/
TUR,NOC,NOC Turkey,http://www.olympic.org/en/content/National-Olympic-Committees/Turkey/,NOC Turquie,http://www.olympic.org/en/content/National-Olympic-Committees/Turkey/,CON Turquia,http://www.olympic.org/en/content/National-Olympic-Committees/Turkey/
TUV,NOC,NOC Tuvalu,http://www.sportingpulse.com/assoc_page.cgi?assoc=3862&pID=2,NOC Tuvalu,http://www.sportingpulse.com/assoc_page.cgi?assoc=3862&pID=2,CON Tuvalu,http://www.sportingpulse.com/assoc_page.cgi?assoc=3862&pID=2
UAE,NOC,NOC United Arab Emirates,http://www.uaenoc.ae/,NOC Émirats arabes unis,http://www.uaenoc.ae/,CON Emirados Árabes Unidos,http://www.uaenoc.ae/
UCI,IF,www.uci.ch,http://www.uci.ch,www.uci.ch,http://www.uci.ch,www.uci.ch,http://www.uci.ch
UGA,NOC,NOC Uganda,http://www.olympic.org/en/content/National-Olympic-Committees/Uganda/,NOC Ouganda,http://www.olympic.org/en/content/National-Olympic-Committees/Uganda/,CON Uganda,http://www.olympic.org/en/content/National-Olympic-Committees/Uganda/
UIPM,IF,www.pentathlon.org,http://www.pentathlon.org/,www.pentathlon.org,http://www.pentathlon.org/,www.pentathlon.org,http://www.pentathlon.org/
UKR,NOC,NOC Ukraine,http://www.noc-ukr.org/ua/home.html,NOC Ukraine,http://www.noc-ukr.org/ua/home.html,CON Ucrânia,http://www.noc-ukr.org/ua/home.html
URU,NOC,NOC Uruguay,http://www.cou.org.uy/,NOC Uruguay,http://www.cou.org.uy/,CON Uruguai,http://www.cou.org.uy/
USA,NOC,NOC United States of America,http://www.usolympicteam.com,NOC États-Unis d'Amérique,http://www.usolympicteam.com,CON Estados Unidos da América,http://www.usolympicteam.com
UWW,IF,www.unitedworldwrestling.org,http://www.unitedworldwrestling.org/,www.unitedworldwrestling.org,http://www.unitedworldwrestling.org/,www.unitedworldwrestling.org,http://www.unitedworldwrestling.org/
UZB,NOC,NOC Uzbekistan,http://www.olympic.uz/,NOC Ouzbékistan,http://www.olympic.uz/,CON Uzbequistão,http://www.olympic.uz/
VAN,NOC,NOC Vanuatu,http://www.vasanoc.com.vu/,NOC Vanuatu,http://www.vasanoc.com.vu/,CON Vanuatu,http://www.vasanoc.com.vu/
VEN,NOC,NOC Venezuela,http://www.olympic.org/en/content/National-Olympic-Committees/Venezuela/,NOC Venezuela,http://www.olympic.org/en/content/National-Olympic-Committees/Venezuela/,CON Venezuela,http://www.olympic.org/en/content/National-Olympic-Committees/Venezuela/
VIE,NOC,NOC Vietnam,http://www.voc.org.vn/,NOC Vietnam,http://www.voc.org.vn/,CON Vietnã,http://www.voc.org.vn/
VIN,NOC,NOC St Vincent and the Grenadines,http://www.olympic.org/en/content/National-Olympic-Committees/Saint-Vincent-and-the-Grenadines/,NOC Saint-Vincent-et-les-Grenadines,http://www.olympic.org/en/content/National-Olympic-Committees/Saint-Vincent-and-the-Grenadines/,CON São Vicente e Granadinas,http://www.olympic.org/en/content/National-Olympic-Committees/Saint-Vincent-and-the-Grenadines/
WA,IF,www.archery.org,http://www.archery.org/,www.archery.org,http://www.archery.org/,www.archery.org,http://www.archery.org/
WADA,ORG,World Anti-Doping Agency,http://www.wada-ama.org/,Agence Mondiale Antidopage,http://www.wada-ama.org/,Agência Mundial Antidoping,http://www.wada-ama.org/
WR,IF,www.worldrugby.org,http://www.worldrugby.org/,www.worldrugby.org,http://www.worldrugby.org/,www.worldrugby.org,http://www.worldrugby.org/
WS,IF,www.sailing.org,http://www.sailing.org/,www.sailing.org,http://www.sailing.org/,www.sailing.org,http://www.sailing.org/
WTF,IF,www.worldtaekwondofederation.net,http://www.worldtaekwondofederation.net,www.worldtaekwondofederation.net,http://www.worldtaekwondofederation.net,www.worldtaekwondofederation.net,http://www.worldtaekwondofederation.net
YEM,NOC,NOC Yemen,http://www.en.acnolympic.org/acno/fiches/cno.php?id=203&l=en,NOC Yémen,http://www.en.acnolympic.org/acno/fiches/cno.php?id=203&l=en,CON Iêmen,http://www.en.acnolympic.org/acno/fiches/cno.php?id=203&l=en
ZAM,NOC,NOC Zambia,http://www.olympic.org/en/content/National-Olympic-Committees/Zambia/,NOC Zambie,http://www.olympic.org/en/content/National-Olympic-Committees/Zambia/,CON Zâmbia,http://www.olympic.org/en/content/National-Olympic-Committees/Zambia/
ZIM,NOC,NOC Zimbabwe,http://www.zoc.co.zw/,NOC Zimbabwe,http://www.zoc.co.zw/,CON Zimbábue,http://www.zoc.co.zw/
