[{"Id":"BAT","ENG Description":"Barra da Tijuca","FRA Description":"Barra da Tijuca","POR Description":"Barra da Tijuca","SPA Description":"Barra da Tijuca","ENG longdescription":"Barra da Tijuca","FRA longdescription":"Barra da Tijuca","POR longdescription":"Barra da Tijuca","SPA longdescription":"Barra da Tijuca"},{"Id":"COP","ENG Description":"Copacabana","FRA Description":"Copacabana","POR Description":"Copacabana","SPA Description":"Copacabana","ENG longdescription":"Copacabana","FRA longdescription":"Copacabana","POR longdescription":"Copacabana","SPA longdescription":"Copacabana"},{"Id":"DEO","ENG Description":"Deodoro","FRA Description":"Deodoro","POR Description":"Deodoro","SPA Description":"Deodoro","ENG longdescription":"Deodoro","FRA longdescription":"Deodoro","POR longdescription":"Deodoro","SPA longdescription":"Deodoro"},{"Id":"MRZ","ENG Description":"Maracanã","FRA Description":"Maracanã","POR Description":"Maracanã","SPA Description":"Maracanã","ENG longdescription":"Maracanã","FRA longdescription":"Maracanã","POR longdescription":"Maracanã","SPA longdescription":"Maracanã"},{"Id":"FBC","ENG Description":"Football Cities","FRA Description":"Football Cities","POR Description":"Cidades do Futebol","SPA Description":"Ciudades del Fútbol","ENG longdescription":"Football Cities","FRA longdescription":"Football Cities","POR longdescription":"Cidades do Futebol","SPA longdescription":"Ciudades del Fútbol"}]