[{"Id":"AFG","ENG Description":"Afghanistan","FRA Description":"Afghanistan","POR Description":"Afeganistão","SPA Description":"Afganistán","ENG longdescription":"Afghanistan","FRA longdescription":"Afghanistan","POR longdescription":"Afeganistão","SPA longdescription":"Afganistán"},{"Id":"AHO","ENG Description":"Netherlands Antilles","FRA Description":"Antilles néerl.","POR Description":"Antilhas Holandesas","SPA Description":"Antillas Neerlandesas","ENG longdescription":"Netherlands Antilles","FRA longdescription":"Antilles néerlandaises","POR longdescription":"Antilhas Holandesas","SPA longdescription":"Antillas Neerlandesas"},{"Id":"AIA","ENG Description":"Anguilla","FRA Description":"Anguilla","POR Description":"Anguilla","SPA Description":"Anguila","ENG longdescription":"Anguilla","FRA longdescription":"Anguilla","POR longdescription":"Anguilla","SPA longdescription":"Anguila"},{"Id":"ALA","ENG Description":"Åland Islands","FRA Description":"Îles Åland","POR Description":"Ilhas Åland","SPA Description":"Islas Åland","ENG longdescription":"Åland Islands","FRA longdescription":"Îles Åland","POR longdescription":"Ilhas Åland","SPA longdescription":"Islas Åland"},{"Id":"ALB","ENG Description":"Albania","FRA Description":"Albanie","POR Description":"Albânia","SPA Description":"Albania","ENG longdescription":"Albania","FRA longdescription":"Albanie","POR longdescription":"Albânia","SPA longdescription":"Albania"},{"Id":"ALG","ENG Description":"Algeria","FRA Description":"Algérie","POR Description":"Argélia","SPA Description":"Argelia","ENG longdescription":"Algeria","FRA longdescription":"Algérie","POR longdescription":"Argélia","SPA longdescription":"Argelia"},{"Id":"AND","ENG Description":"Andorra","FRA Description":"Andorre","POR Description":"Andorra","SPA Description":"Andorra","ENG longdescription":"Andorra","FRA longdescription":"Andorre","POR longdescription":"Andorra","SPA longdescription":"Andorra"},{"Id":"ANG","ENG Description":"Angola","FRA Description":"Angola","POR Description":"Angola","SPA Description":"Angola","ENG longdescription":"Angola","FRA longdescription":"Angola","POR longdescription":"Angola","SPA longdescription":"Angola"},{"Id":"ANT","ENG Description":"Antigua and Barbuda","FRA Description":"Antigua-et-Barbuda","POR Description":"Antígua e Barbuda","SPA Description":"Antigua y Barbuda","ENG longdescription":"Antigua and Barbuda","FRA longdescription":"Antigua-et-Barbuda","POR longdescription":"Antígua e Barbuda","SPA longdescription":"Antigua y Barbuda"},{"Id":"ANZ","ENG Description":"AUS/NZL","FRA Description":"AUS/NZL","POR Description":"AUS/NZL","SPA Description":"AUS/NZL","ENG longdescription":"Australia/New Zealand","FRA longdescription":"Australie/Nouvelle-Zélande","POR longdescription":"Austrália/Nova Zelândia","SPA longdescription":"Australia/Nueva Zelanda"},{"Id":"APA","ENG Description":"Stateless","FRA Description":"Apatride","POR Description":"Apátrida","SPA Description":"Apátrida","ENG longdescription":"Stateless","FRA longdescription":"Apatride","POR longdescription":"Apátrida","SPA longdescription":"Apátrida"},{"Id":"ARG","ENG Description":"Argentina","FRA Description":"Argentine","POR Description":"Argentina","SPA Description":"Argentina","ENG longdescription":"Argentina","FRA longdescription":"Argentine","POR longdescription":"Argentina","SPA longdescription":"Argentina"},{"Id":"ARM","ENG Description":"Armenia","FRA Description":"Arménie","POR Description":"Armênia","SPA Description":"Armenia","ENG longdescription":"Armenia","FRA longdescription":"Arménie","POR longdescription":"Armênia","SPA longdescription":"Armenia"},{"Id":"ARU","ENG Description":"Aruba","FRA Description":"Aruba","POR Description":"Aruba","SPA Description":"Aruba","ENG longdescription":"Aruba","FRA longdescription":"Aruba","POR longdescription":"Aruba","SPA longdescription":"Aruba"},{"Id":"ASA","ENG Description":"American Samoa","FRA Description":"Samoa Américaines","POR Description":"Samoa Americana","SPA Description":"Samoa Americana","ENG longdescription":"American Samoa","FRA longdescription":"Samoa Américaines","POR longdescription":"Samoa Americana","SPA longdescription":"Samoa Americana"},{"Id":"ATA","ENG Description":"Antarctica","FRA Description":"Antarctique","POR Description":"Antártida","SPA Description":"Antártida","ENG longdescription":"Antarctica","FRA longdescription":"Antarctique","POR longdescription":"Antártida","SPA longdescription":"Antártida"},{"Id":"ATF","ENG Description":"French Southern Territories","FRA Description":"Terres australes françaises","POR Description":"Territórios Franceses do Sul","SPA Description":"Ter. Australes Franceses","ENG longdescription":"French Southern Territories","FRA longdescription":"Terres australes françaises","POR longdescription":"Territórios Franceses do Sul","SPA longdescription":"Territorios Australes Franceses"},{"Id":"AUS","ENG Description":"Australia","FRA Description":"Australie","POR Description":"Austrália","SPA Description":"Australia","ENG longdescription":"Australia","FRA longdescription":"Australie","POR longdescription":"Austrália","SPA longdescription":"Australia"},{"Id":"AUT","ENG Description":"Austria","FRA Description":"Autriche","POR Description":"Áustria","SPA Description":"Austria","ENG longdescription":"Austria","FRA longdescription":"Autriche","POR longdescription":"Áustria","SPA longdescription":"Austria"},{"Id":"AZE","ENG Description":"Azerbaijan","FRA Description":"Azerbaïdjan","POR Description":"Azerbaijão","SPA Description":"Azerbaiyán","ENG longdescription":"Azerbaijan","FRA longdescription":"Azerbaïdjan","POR longdescription":"Azerbaijão","SPA longdescription":"Azerbaiyán"},{"Id":"BAH","ENG Description":"Bahamas","FRA Description":"Bahamas","POR Description":"Bahamas","SPA Description":"Bahamas","ENG longdescription":"Bahamas","FRA longdescription":"Bahamas","POR longdescription":"Bahamas","SPA longdescription":"Bahamas"},{"Id":"BAN","ENG Description":"Bangladesh","FRA Description":"Bangladesh","POR Description":"Bangladesh","SPA Description":"Bangladesh","ENG longdescription":"Bangladesh","FRA longdescription":"Bangladesh","POR longdescription":"Bangladesh","SPA longdescription":"Bangladesh"},{"Id":"BAR","ENG Description":"Barbados","FRA Description":"Barbade","POR Description":"Barbados","SPA Description":"Barbados","ENG longdescription":"Barbados","FRA longdescription":"Barbade","POR longdescription":"Barbados","SPA longdescription":"Barbados"},{"Id":"BDI","ENG Description":"Burundi","FRA Description":"Burundi","POR Description":"Burundi","SPA Description":"Burundi","ENG longdescription":"Burundi","FRA longdescription":"Burundi","POR longdescription":"Burundi","SPA longdescription":"Burundi"},{"Id":"BEL","ENG Description":"Belgium","FRA Description":"Belgique","POR Description":"Bélgica","SPA Description":"Bélgica","ENG longdescription":"Belgium","FRA longdescription":"Belgique","POR longdescription":"Bélgica","SPA longdescription":"Bélgica"},{"Id":"BEN","ENG Description":"Benin","FRA Description":"Bénin","POR Description":"Benin","SPA Description":"Benín","ENG longdescription":"Benin","FRA longdescription":"Bénin","POR longdescription":"Benin","SPA longdescription":"Benín"},{"Id":"BER","ENG Description":"Bermuda","FRA Description":"Bermudes","POR Description":"Bermudas","SPA Description":"Bermudas","ENG longdescription":"Bermuda","FRA longdescription":"Bermudes","POR longdescription":"Bermudas","SPA longdescription":"Bermudas"},{"Id":"BES","ENG Description":"Bonaire, Sint Eustatius & Saba","FRA Description":"Bonaire, Saint-Eustache & Saba","POR Description":"Bonaire, SantoEustáquio e Saba","SPA Description":"Bonaire, San Eustaquio y Saba","ENG longdescription":"Bonaire, Sint Eustatius and Saba","FRA longdescription":"Bonaire, Saint-Eustache et Saba","POR longdescription":"Bonaire, Santo Eustáquio e Saba","SPA longdescription":"Bonaire, San Eustaquio y Saba"},{"Id":"BHU","ENG Description":"Bhutan","FRA Description":"Bhoutan","POR Description":"Butão","SPA Description":"Bhután","ENG longdescription":"Bhutan","FRA longdescription":"Bhoutan","POR longdescription":"Butão","SPA longdescription":"Bhután"},{"Id":"BIH","ENG Description":"Bosnia and Herzegovina","FRA Description":"Bosnie-Herzégovine","POR Description":"Bósnia-Herzegovina","SPA Description":"Bosnia y Herzegovina","ENG longdescription":"Bosnia and Herzegovina","FRA longdescription":"Bosnie-Herzégovine","POR longdescription":"Bósnia-Herzegovina","SPA longdescription":"Bosnia y Herzegovina"},{"Id":"BIZ","ENG Description":"Belize","FRA Description":"Belize","POR Description":"Belize","SPA Description":"Belice","ENG longdescription":"Belize","FRA longdescription":"Belize","POR longdescription":"Belize","SPA longdescription":"Belice"},{"Id":"BLM","ENG Description":"Saint Barthélemy","FRA Description":"Saint-Barthélemy","POR Description":"São Bartolomeu","SPA Description":"San Bartolomé","ENG longdescription":"Saint Barthélemy","FRA longdescription":"Saint-Barthélemy","POR longdescription":"São Bartolomeu","SPA longdescription":"San Bartolomé"},{"Id":"BLR","ENG Description":"Belarus","FRA Description":"Bélarus","POR Description":"Belarus","SPA Description":"Bielorrusia","ENG longdescription":"Belarus","FRA longdescription":"Bélarus","POR longdescription":"Belarus","SPA longdescription":"Bielorrusia"},{"Id":"BOL","ENG Description":"Bolivia","FRA Description":"Bolivie","POR Description":"Bolívia","SPA Description":"Bolivia","ENG longdescription":"Bolivia","FRA longdescription":"Bolivie","POR longdescription":"Bolívia","SPA longdescription":"Bolivia"},{"Id":"BOT","ENG Description":"Botswana","FRA Description":"Botswana","POR Description":"Botsuana","SPA Description":"Botsuana","ENG longdescription":"Botswana","FRA longdescription":"Botswana","POR longdescription":"Botsuana","SPA longdescription":"Botsuana"},{"Id":"BRA","ENG Description":"Brazil","FRA Description":"Brésil","POR Description":"Brasil","SPA Description":"Brasil","ENG longdescription":"Brazil","FRA longdescription":"Brésil","POR longdescription":"Brasil","SPA longdescription":"Brasil"},{"Id":"BRN","ENG Description":"Bahrain","FRA Description":"Bahreïn","POR Description":"Bareine","SPA Description":"Bahréin","ENG longdescription":"Bahrain","FRA longdescription":"Bahreïn","POR longdescription":"Bareine","SPA longdescription":"Bahréin"},{"Id":"BRU","ENG Description":"Brunei Darussalam","FRA Description":"Brunéi Darussalam","POR Description":"Brunei Darussalam","SPA Description":"Brunéi","ENG longdescription":"Brunei Darussalam","FRA longdescription":"Brunéi Darussalam","POR longdescription":"Brunei Darussalam","SPA longdescription":"Brunéi"},{"Id":"BUL","ENG Description":"Bulgaria","FRA Description":"Bulgarie","POR Description":"Bulgária","SPA Description":"Bulgaria","ENG longdescription":"Bulgaria","FRA longdescription":"Bulgarie","POR longdescription":"Bulgária","SPA longdescription":"Bulgaria"},{"Id":"BUR","ENG Description":"Burkina Faso","FRA Description":"Burkina Faso","POR Description":"Burkina Faso","SPA Description":"Burkina Faso","ENG longdescription":"Burkina Faso","FRA longdescription":"Burkina Faso","POR longdescription":"Burkina Faso","SPA longdescription":"Burkina Faso"},{"Id":"BVT","ENG Description":"Bouvet Island","FRA Description":"Île Bouvet","POR Description":"Ilha Bouvet","SPA Description":"Isla Bouvet","ENG longdescription":"Bouvet Island","FRA longdescription":"Île Bouvet","POR longdescription":"Ilha Bouvet","SPA longdescription":"Isla Bouvet"},{"Id":"CAF","ENG Description":"Central African Republic","FRA Description":"République Centrafricaine","POR Description":"República Centroafricana","SPA Description":"República Centroafricana","ENG longdescription":"Central African Republic","FRA longdescription":"République Centrafricaine","POR longdescription":"República Centroafricana","SPA longdescription":"República Centroafricana"},{"Id":"CAM","ENG Description":"Cambodia","FRA Description":"Cambodge","POR Description":"Camboja","SPA Description":"Camboya","ENG longdescription":"Cambodia","FRA longdescription":"Cambodge","POR longdescription":"Camboja","SPA longdescription":"Camboya"},{"Id":"CAN","ENG Description":"Canada","FRA Description":"Canada","POR Description":"Canadá","SPA Description":"Canadá","ENG longdescription":"Canada","FRA longdescription":"Canada","POR longdescription":"Canadá","SPA longdescription":"Canadá"},{"Id":"CAY","ENG Description":"Cayman Islands","FRA Description":"Îles Caïmans","POR Description":"Ilhas Cayman","SPA Description":"Islas Caimán","ENG longdescription":"Cayman Islands","FRA longdescription":"Îles Caïmans","POR longdescription":"Ilhas Cayman","SPA longdescription":"Islas Caimán"},{"Id":"CCK","ENG Description":"Cocos Islands","FRA Description":"Îles Cocos","POR Description":"Ilhas Cocos","SPA Description":"Islas Coco","ENG longdescription":"Cocos Islands","FRA longdescription":"Îles Cocos","POR longdescription":"Ilhas Cocos","SPA longdescription":"Islas Coco"},{"Id":"CGO","ENG Description":"Congo","FRA Description":"Congo","POR Description":"Congo","SPA Description":"Congo","ENG longdescription":"Congo","FRA longdescription":"Congo","POR longdescription":"Congo","SPA longdescription":"Congo"},{"Id":"CHA","ENG Description":"Chad","FRA Description":"Tchad","POR Description":"Chade","SPA Description":"Chad","ENG longdescription":"Chad","FRA longdescription":"Tchad","POR longdescription":"Chade","SPA longdescription":"Chad"},{"Id":"CHI","ENG Description":"Chile","FRA Description":"Chili","POR Description":"Chile","SPA Description":"Chile","ENG longdescription":"Chile","FRA longdescription":"Chili","POR longdescription":"Chile","SPA longdescription":"Chile"},{"Id":"CHN","ENG Description":"People's Republic of China","FRA Description":"République populaire de Chine","POR Description":"República Popular da China","SPA Description":"República Popular de China","ENG longdescription":"People's Republic of China","FRA longdescription":"République populaire de Chine","POR longdescription":"República Popular da China","SPA longdescription":"República Popular de China"},{"Id":"CIS","ENG Description":"CIS","FRA Description":"CIS","POR Description":"CEI","SPA Description":"CEI","ENG longdescription":"Commonwealth of Independent States","FRA longdescription":"FRA Commonwealth of Independent States","POR longdescription":"Comunidade dos Estados Independentes","SPA longdescription":"Comunidad de Estados Independientes"},{"Id":"CIV","ENG Description":"Côte d'Ivoire","FRA Description":"Côte d'Ivoire","POR Description":"Costa do Marfim","SPA Description":"Costa de Marfil","ENG longdescription":"Côte d'Ivoire","FRA longdescription":"Côte d'Ivoire","POR longdescription":"Costa do Marfim","SPA longdescription":"Costa de Marfil"},{"Id":"CMR","ENG Description":"Cameroon","FRA Description":"Cameroun","POR Description":"Camarões","SPA Description":"Camerún","ENG longdescription":"Cameroon","FRA longdescription":"Cameroun","POR longdescription":"Camarões","SPA longdescription":"Camerún"},{"Id":"COD","ENG Description":"DR Congo","FRA Description":"RD Congo","POR Description":"Congo, Rep. Dem.","SPA Description":"RD Congo","ENG longdescription":"Democratic Republic of the Congo","FRA longdescription":"République démocratique du Congo","POR longdescription":"República Democrática do Congo","SPA longdescription":"República Democrática del Congo"},{"Id":"COK","ENG Description":"Cook Islands","FRA Description":"Îles Cook","POR Description":"Ilhas Cook","SPA Description":"Islas Cook","ENG longdescription":"Cook Islands","FRA longdescription":"Îles Cook","POR longdescription":"Ilhas Cook","SPA longdescription":"Islas Cook"},{"Id":"COL","ENG Description":"Colombia","FRA Description":"Colombie","POR Description":"Colômbia","SPA Description":"Colombia","ENG longdescription":"Colombia","FRA longdescription":"Colombie","POR longdescription":"Colômbia","SPA longdescription":"Colombia"},{"Id":"COM","ENG Description":"Comoros","FRA Description":"Comores","POR Description":"Comores","SPA Description":"Comoras","ENG longdescription":"Comoros","FRA longdescription":"Comores","POR longdescription":"Comores","SPA longdescription":"Comoras"},{"Id":"CPV","ENG Description":"Cape Verde","FRA Description":"Cap-Vert","POR Description":"Cabo Verde","SPA Description":"Cabo Verde","ENG longdescription":"Cape Verde","FRA longdescription":"Cap-Vert","POR longdescription":"Cabo Verde","SPA longdescription":"Cabo Verde"},{"Id":"CRC","ENG Description":"Costa Rica","FRA Description":"Costa Rica","POR Description":"Costa Rica","SPA Description":"Costa Rica","ENG longdescription":"Costa Rica","FRA longdescription":"Costa Rica","POR longdescription":"Costa Rica","SPA longdescription":"Costa Rica"},{"Id":"CRO","ENG Description":"Croatia","FRA Description":"Croatie","POR Description":"Croácia","SPA Description":"Croacia","ENG longdescription":"Croatia","FRA longdescription":"Croatie","POR longdescription":"Croácia","SPA longdescription":"Croacia"},{"Id":"CUB","ENG Description":"Cuba","FRA Description":"Cuba","POR Description":"Cuba","SPA Description":"Cuba","ENG longdescription":"Cuba","FRA longdescription":"Cuba","POR longdescription":"Cuba","SPA longdescription":"Cuba"},{"Id":"CUW","ENG Description":"Curaçao","FRA Description":"Curaçao","POR Description":"Curaçao","SPA Description":"Curazao","ENG longdescription":"Curaçao","FRA longdescription":"Curaçao","POR longdescription":"Curaçao","SPA longdescription":"Curazao"},{"Id":"CXR","ENG Description":"Christmas Island","FRA Description":"Île Christmas","POR Description":"Ilha Christmas","SPA Description":"Isla de Navidad","ENG longdescription":"Christmas Island","FRA longdescription":"Île Christmas","POR longdescription":"Ilha Christmas","SPA longdescription":"Isla de Navidad"},{"Id":"CYP","ENG Description":"Cyprus","FRA Description":"Chypre","POR Description":"Chipre","SPA Description":"Chipre","ENG longdescription":"Cyprus","FRA longdescription":"Chypre","POR longdescription":"Chipre","SPA longdescription":"Chipre"},{"Id":"CZE","ENG Description":"Czech Republic","FRA Description":"République tchèque","POR Description":"República Tcheca","SPA Description":"República Checa","ENG longdescription":"Czech Republic","FRA longdescription":"République tchèque","POR longdescription":"República Tcheca","SPA longdescription":"República Checa"},{"Id":"DEN","ENG Description":"Denmark","FRA Description":"Danemark","POR Description":"Dinamarca","SPA Description":"Dinamarca","ENG longdescription":"Denmark","FRA longdescription":"Danemark","POR longdescription":"Dinamarca","SPA longdescription":"Dinamarca"},{"Id":"DJI","ENG Description":"Djibouti","FRA Description":"Djibouti","POR Description":"Djibuti","SPA Description":"Djibouti","ENG longdescription":"Djibouti","FRA longdescription":"Djibouti","POR longdescription":"Djibuti","SPA longdescription":"Djibouti"},{"Id":"DMA","ENG Description":"Dominica","FRA Description":"Dominique","POR Description":"Dominica","SPA Description":"Dominica","ENG longdescription":"Dominica","FRA longdescription":"Dominique","POR longdescription":"Dominica","SPA longdescription":"Dominica"},{"Id":"DOM","ENG Description":"Dominican Republic","FRA Description":"République dominicaine","POR Description":"República Dominicana","SPA Description":"República Dominicana","ENG longdescription":"Dominican Republic","FRA longdescription":"République dominicaine","POR longdescription":"República Dominicana","SPA longdescription":"República Dominicana"},{"Id":"ECU","ENG Description":"Ecuador","FRA Description":"Équateur","POR Description":"Equador","SPA Description":"Ecuador","ENG longdescription":"Ecuador","FRA longdescription":"Équateur","POR longdescription":"Equador","SPA longdescription":"Ecuador"},{"Id":"EGY","ENG Description":"Egypt","FRA Description":"Égypte","POR Description":"Egito","SPA Description":"Egipto","ENG longdescription":"Egypt","FRA longdescription":"Égypte","POR longdescription":"Egito","SPA longdescription":"Egipto"},{"Id":"ERI","ENG Description":"Eritrea","FRA Description":"Érythrée","POR Description":"Eritreia","SPA Description":"Eritrea","ENG longdescription":"Eritrea","FRA longdescription":"Érythrée","POR longdescription":"Eritreia","SPA longdescription":"Eritrea"},{"Id":"ESA","ENG Description":"El Salvador","FRA Description":"El Salvador","POR Description":"El Salvador","SPA Description":"El Salvador","ENG longdescription":"El Salvador","FRA longdescription":"El Salvador","POR longdescription":"El Salvador","SPA longdescription":"El Salvador"},{"Id":"ESH","ENG Description":"Western Sahara","FRA Description":"Sahara Occidental","POR Description":"Saara Ocidental","SPA Description":"Sáhara Occidental","ENG longdescription":"Western Sahara","FRA longdescription":"Sahara Occidental","POR longdescription":"Saara Ocidental","SPA longdescription":"Sáhara Occidental"},{"Id":"ESP","ENG Description":"Spain","FRA Description":"Espagne","POR Description":"Espanha","SPA Description":"España","ENG longdescription":"Spain","FRA longdescription":"Espagne","POR longdescription":"Espanha","SPA longdescription":"España"},{"Id":"EST","ENG Description":"Estonia","FRA Description":"Estonie","POR Description":"Estônia","SPA Description":"Estonia","ENG longdescription":"Estonia","FRA longdescription":"Estonie","POR longdescription":"Estônia","SPA longdescription":"Estonia"},{"Id":"ETH","ENG Description":"Ethiopia","FRA Description":"Éthiopie","POR Description":"Etiópia","SPA Description":"Etiopía","ENG longdescription":"Ethiopia","FRA longdescription":"Éthiopie","POR longdescription":"Etiópia","SPA longdescription":"Etiopía"},{"Id":"EUN","ENG Description":"Unified Team","FRA Description":"Équipe unifiée","POR Description":"Equipe Unificada","SPA Description":"Equipo Unificado","ENG longdescription":"Unified Team","FRA longdescription":"Équipe unifiée","POR longdescription":"Equipe Unificada","SPA longdescription":"Equipo Unificado"},{"Id":"FIJ","ENG Description":"Fiji","FRA Description":"Fidji","POR Description":"Fiji","SPA Description":"Fiyi","ENG longdescription":"Fiji","FRA longdescription":"Fidji","POR longdescription":"Fiji","SPA longdescription":"Fiyi"},{"Id":"FIN","ENG Description":"Finland","FRA Description":"Finlande","POR Description":"Finlândia","SPA Description":"Finlandia","ENG longdescription":"Finland","FRA longdescription":"Finlande","POR longdescription":"Finlândia","SPA longdescription":"Finlandia"},{"Id":"FLK","ENG Description":"Falkland Islands","FRA Description":"Îles Malouines","POR Description":"Ilhas Malvinas","SPA Description":"Islas Malvinas","ENG longdescription":"Falkland Islands","FRA longdescription":"Îles Malouines","POR longdescription":"Ilhas Malvinas","SPA longdescription":"Islas Malvinas"},{"Id":"FRA","ENG Description":"France","FRA Description":"France","POR Description":"França","SPA Description":"Francia","ENG longdescription":"France","FRA longdescription":"France","POR longdescription":"França","SPA longdescription":"Francia"},{"Id":"FRG","ENG Description":"FRG","FRA Description":"FRG","POR Description":"Alemanha Ocidental","SPA Description":"FRG","ENG longdescription":"Federal Republic of Germany","FRA longdescription":"République Fédérale d'Allemagne","POR longdescription":"República Federal da Alemanha","SPA longdescription":"República Federal de Alemania"},{"Id":"FRO","ENG Description":"Faroe Islands","FRA Description":"Îles Féroé","POR Description":"Ilhas Feroé","SPA Description":"Islas Faroe","ENG longdescription":"Faroe Islands","FRA longdescription":"Îles Féroé","POR longdescription":"Ilhas Feroé","SPA longdescription":"Islas Faroe"},{"Id":"FSM","ENG Description":"Federated States of Micronesia","FRA Description":"États fédérés de Micronésie","POR Description":"Estad. Federados da Micronésia","SPA Description":"Estados Fed. de Micronesia","ENG longdescription":"Federated States of Micronesia","FRA longdescription":"États fédérés de Micronésie","POR longdescription":"Estados Federados da Micronésia","SPA longdescription":"Estados Federados de Micronesia"},{"Id":"GAB","ENG Description":"Gabon","FRA Description":"Gabon","POR Description":"Gabão","SPA Description":"Gabón","ENG longdescription":"Gabon","FRA longdescription":"Gabon","POR longdescription":"Gabão","SPA longdescription":"Gabón"},{"Id":"GAM","ENG Description":"Gambia","FRA Description":"Gambie","POR Description":"Gâmbia","SPA Description":"Gambia","ENG longdescription":"Gambia","FRA longdescription":"Gambie","POR longdescription":"Gâmbia","SPA longdescription":"Gambia"},{"Id":"GBR","ENG Description":"Great Britain","FRA Description":"Grande-Bretagne","POR Description":"Grã-Bretanha","SPA Description":"Gran Bretaña","ENG longdescription":"Great Britain","FRA longdescription":"Grande-Bretagne","POR longdescription":"Grã-Bretanha","SPA longdescription":"Gran Bretaña"},{"Id":"GBS","ENG Description":"Guinea-Bissau","FRA Description":"Guinée-Bissau","POR Description":"Guiné-Bissau","SPA Description":"Guinea-Bissau","ENG longdescription":"Guinea-Bissau","FRA longdescription":"Guinée-Bissau","POR longdescription":"Guiné-Bissau","SPA longdescription":"Guinea-Bissau"},{"Id":"GDR","ENG Description":"GDR","FRA Description":"RDA","POR Description":"Alemanha Oriental","SPA Description":"RDA","ENG longdescription":"GDR","FRA longdescription":"RDA","POR longdescription":"República Democrática Alemã","SPA longdescription":"RDA"},{"Id":"GEO","ENG Description":"Georgia","FRA Description":"Géorgie","POR Description":"Geórgia","SPA Description":"Georgia","ENG longdescription":"Georgia","FRA longdescription":"Géorgie","POR longdescription":"Geórgia","SPA longdescription":"Georgia"},{"Id":"GEQ","ENG Description":"Equatorial Guinea","FRA Description":"Guinée équatoriale","POR Description":"Guiné Equatorial","SPA Description":"Guinea Ecuatorial","ENG longdescription":"Equatorial Guinea","FRA longdescription":"Guinée équatoriale","POR longdescription":"Guiné Equatorial","SPA longdescription":"Guinea Ecuatorial"},{"Id":"GER","ENG Description":"Germany","FRA Description":"Allemagne","POR Description":"Alemanha","SPA Description":"Alemania","ENG longdescription":"Germany","FRA longdescription":"Allemagne","POR longdescription":"Alemanha","SPA longdescription":"Alemania"},{"Id":"GGY","ENG Description":"Guernsey","FRA Description":"Guernesey","POR Description":"Guernsey","SPA Description":"Guernsey","ENG longdescription":"Guernsey","FRA longdescription":"Guernesey","POR longdescription":"Guernsey","SPA longdescription":"Guernsey"},{"Id":"GHA","ENG Description":"Ghana","FRA Description":"Ghana","POR Description":"Gana","SPA Description":"Ghana","ENG longdescription":"Ghana","FRA longdescription":"Ghana","POR longdescription":"Gana","SPA longdescription":"Ghana"},{"Id":"GIB","ENG Description":"Gibraltar","FRA Description":"Gibraltar","POR Description":"Gibraltar","SPA Description":"Gibraltar","ENG longdescription":"Gibraltar","FRA longdescription":"Gibraltar","POR longdescription":"Gibraltar","SPA longdescription":"Gibraltar"},{"Id":"GLP","ENG Description":"Guadeloupe","FRA Description":"Guadeloupe","POR Description":"Guadalupe","SPA Description":"Guadalupe","ENG longdescription":"Guadeloupe","FRA longdescription":"Guadeloupe","POR longdescription":"Guadalupe","SPA longdescription":"Guadalupe"},{"Id":"GRE","ENG Description":"Greece","FRA Description":"Grèce","POR Description":"Grécia","SPA Description":"Grecia","ENG longdescription":"Greece","FRA longdescription":"Grèce","POR longdescription":"Grécia","SPA longdescription":"Grecia"},{"Id":"GRL","ENG Description":"Greenland","FRA Description":"Groenland","POR Description":"Groenlândia","SPA Description":"Groenlandia","ENG longdescription":"Greenland","FRA longdescription":"Groenland","POR longdescription":"Groenlândia","SPA longdescription":"Groenlandia"},{"Id":"GRN","ENG Description":"Grenada","FRA Description":"Grenade","POR Description":"Granada","SPA Description":"Granada","ENG longdescription":"Grenada","FRA longdescription":"Grenade","POR longdescription":"Granada","SPA longdescription":"Granada"},{"Id":"GUA","ENG Description":"Guatemala","FRA Description":"Guatemala","POR Description":"Guatemala","SPA Description":"Guatemala","ENG longdescription":"Guatemala","FRA longdescription":"Guatemala","POR longdescription":"Guatemala","SPA longdescription":"Guatemala"},{"Id":"GUF","ENG Description":"French Guiana","FRA Description":"Guyane française","POR Description":"Guiana Francesa","SPA Description":"Guinea Francesa","ENG longdescription":"French Guiana","FRA longdescription":"Guyane française","POR longdescription":"Guiana Francesa","SPA longdescription":"Guinea Francesa"},{"Id":"GUI","ENG Description":"Guinea","FRA Description":"Guinée","POR Description":"Guiné","SPA Description":"Guinea","ENG longdescription":"Guinea","FRA longdescription":"Guinée","POR longdescription":"Guiné","SPA longdescription":"Guinea"},{"Id":"GUM","ENG Description":"Guam","FRA Description":"Guam","POR Description":"Guam","SPA Description":"Guam","ENG longdescription":"Guam","FRA longdescription":"Guam","POR longdescription":"Guam","SPA longdescription":"Guam"},{"Id":"GUY","ENG Description":"Guyana","FRA Description":"Guyana","POR Description":"Guiana","SPA Description":"Guyana","ENG longdescription":"Guyana","FRA longdescription":"Guyana","POR longdescription":"Guiana","SPA longdescription":"Guyana"},{"Id":"HAI","ENG Description":"Haiti","FRA Description":"Haïti","POR Description":"Haiti","SPA Description":"Haití","ENG longdescription":"Haiti","FRA longdescription":"Haïti","POR longdescription":"Haiti","SPA longdescription":"Haití"},{"Id":"HKG","ENG Description":"Hong Kong, China","FRA Description":"Hong Kong, Chine","POR Description":"Hong Kong, China","SPA Description":"Hong Kong, China","ENG longdescription":"Hong Kong, China","FRA longdescription":"Hong Kong, Chine","POR longdescription":"Hong Kong, China","SPA longdescription":"Hong Kong, China"},{"Id":"HMD","ENG Description":"Heard Is. and McDonald Is.","FRA Description":"Île Heard et Îles MacDonald","POR Description":"Ilha Heard e Ilhas McDonald","SPA Description":"Islas Heard y McDonald","ENG longdescription":"Heard Island and McDonald Islands","FRA longdescription":"Île Heard et Îles MacDonald","POR longdescription":"Ilha Heard e Ilhas McDonald","SPA longdescription":"Islas Heard y McDonald"},{"Id":"HON","ENG Description":"Honduras","FRA Description":"Honduras","POR Description":"Honduras","SPA Description":"Honduras","ENG longdescription":"Honduras","FRA longdescription":"Honduras","POR longdescription":"Honduras","SPA longdescription":"Honduras"},{"Id":"HUN","ENG Description":"Hungary","FRA Description":"Hongrie","POR Description":"Hungria","SPA Description":"Hungría","ENG longdescription":"Hungary","FRA longdescription":"Hongrie","POR longdescription":"Hungria","SPA longdescription":"Hungría"},{"Id":"IMN","ENG Description":"Isle of Man","FRA Description":"Île de Man","POR Description":"Ilha de Man","SPA Description":"Isla de Man","ENG longdescription":"Isle of Man","FRA longdescription":"Île de Man","POR longdescription":"Ilha de Man","SPA longdescription":"Isla de Man"},{"Id":"INA","ENG Description":"Indonesia","FRA Description":"Indonésie","POR Description":"Indonésia","SPA Description":"Indonesia","ENG longdescription":"Indonesia","FRA longdescription":"Indonésie","POR longdescription":"Indonésia","SPA longdescription":"Indonesia"},{"Id":"IND","ENG Description":"India","FRA Description":"Inde","POR Description":"Índia","SPA Description":"India","ENG longdescription":"India","FRA longdescription":"Inde","POR longdescription":"Índia","SPA longdescription":"India"},{"Id":"IOA","ENG Description":"Independent Olympic Athlete","FRA Description":"Athlète Olympique Indépendant","POR Description":"Atleta Olímpico Independente","SPA Description":"Atleta Olímpico Independiente","ENG longdescription":"Independent Olympic Athlete","FRA longdescription":"Athlète Olympique Indépendant","POR longdescription":"Atleta Olímpico Independente","SPA longdescription":"Atleta Olímpico Independiente"},{"Id":"IOP","ENG Description":"Indep. Olympic Participant","FRA Description":"Participant Olympique Indép.","POR Description":"Participante Olímpico Indep.","SPA Description":"Participante Olímpico Indep.","ENG longdescription":"Independent Olympic Participant","FRA longdescription":"Participant Olympique Indépendant","POR longdescription":"Participante Olímpico Independente","SPA longdescription":"Participante Olímpico Independiente"},{"Id":"IOT","ENG Description":"British Indian Ocean Territory","FRA Description":"Ter. britannique de l'Oc. Ind.","POR Description":"Ter. Britânico do Oc. Índico","SPA Description":"Ter. Brit. del Océano Índico","ENG longdescription":"British Indian Ocean Territory","FRA longdescription":"Territoire britannique de l'Océan Indien","POR longdescription":"Território Britânico do Oceano Índico","SPA longdescription":"Territorio Británico del Océano Índico"},{"Id":"IPA","ENG Description":"Independent Paralympic Athlete","FRA Description":"Athlète Paralympique Indépend.","POR Description":"Atleta Paralímpico Independ.","SPA Description":"Atleta Paralímpico Independ.","ENG longdescription":"Independent Paralympic Athlete","FRA longdescription":"Athlète Paralympique Indépendant","POR longdescription":"Atleta Paralímpico Independente","SPA longdescription":"Atleta Paralímpico Independente"},{"Id":"IPP","ENG Description":"Indep. Paralympic Participant","FRA Description":"Participant Paralympique Ind.","POR Description":"Participante Paralímpico Ind.","SPA Description":"Participante Paralímpico Indep","ENG longdescription":"Independent Paralympic Participant","FRA longdescription":"Participant Paralympique Indépendant","POR longdescription":"Participante Paralímpico Independente","SPA longdescription":"Participante Paralímpico Independiente"},{"Id":"IRI","ENG Description":"Islamic Republic of Iran","FRA Description":"République islamique d'Iran","POR Description":"República Islâmica do Irã","SPA Description":"República Islámica de Irán","ENG longdescription":"Islamic Republic of Iran","FRA longdescription":"République islamique d'Iran","POR longdescription":"República Islâmica do Irã","SPA longdescription":"República Islámica de Irán"},{"Id":"IRL","ENG Description":"Ireland","FRA Description":"Irlande","POR Description":"Irlanda","SPA Description":"Irlanda","ENG longdescription":"Ireland","FRA longdescription":"Irlande","POR longdescription":"Irlanda","SPA longdescription":"Irlanda"},{"Id":"IRQ","ENG Description":"Iraq","FRA Description":"Iraq","POR Description":"Iraque","SPA Description":"Iraq","ENG longdescription":"Iraq","FRA longdescription":"Iraq","POR longdescription":"Iraque","SPA longdescription":"Iraq"},{"Id":"ISL","ENG Description":"Iceland","FRA Description":"Islande","POR Description":"Islândia","SPA Description":"Islandia","ENG longdescription":"Iceland","FRA longdescription":"Islande","POR longdescription":"Islândia","SPA longdescription":"Islandia"},{"Id":"ISR","ENG Description":"Israel","FRA Description":"Israël","POR Description":"Israel","SPA Description":"Israel","ENG longdescription":"Israel","FRA longdescription":"Israël","POR longdescription":"Israel","SPA longdescription":"Israel"},{"Id":"ISV","ENG Description":"Virgin Islands, US","FRA Description":"Îles Vierges des États-Unis","POR Description":"Ilhas Virgens, EU","SPA Description":"Islas Vírgenes, EEUU","ENG longdescription":"Virgin Islands, US","FRA longdescription":"Îles Vierges des États-Unis","POR longdescription":"Ilhas Virgens Americanas","SPA longdescription":"Islas Vírgenes de los Estados Unidos"},{"Id":"ITA","ENG Description":"Italy","FRA Description":"Italie","POR Description":"Itália","SPA Description":"Italia","ENG longdescription":"Italy","FRA longdescription":"Italie","POR longdescription":"Itália","SPA longdescription":"Italia"},{"Id":"IVB","ENG Description":"Virgin Islands, British","FRA Description":"Îles Vierges britanniques","POR Description":"Ilhas Virgens Britânicas","SPA Description":"Islas Vírgenes Británicas","ENG longdescription":"Virgin Islands, British","FRA longdescription":"Îles Vierges britanniques","POR longdescription":"Ilhas Virgens Britânicas","SPA longdescription":"Islas Vírgenes Británicas"},{"Id":"JAM","ENG Description":"Jamaica","FRA Description":"Jamaïque","POR Description":"Jamaica","SPA Description":"Jamaica","ENG longdescription":"Jamaica","FRA longdescription":"Jamaïque","POR longdescription":"Jamaica","SPA longdescription":"Jamaica"},{"Id":"JER","ENG Description":"Jersey","FRA Description":"Jersey","POR Description":"Jersey","SPA Description":"Jersey","ENG longdescription":"Jersey","FRA longdescription":"Jersey","POR longdescription":"Jersey","SPA longdescription":"Jersey"},{"Id":"JOR","ENG Description":"Jordan","FRA Description":"Jordanie","POR Description":"Jordânia","SPA Description":"Jordania","ENG longdescription":"Jordan","FRA longdescription":"Jordanie","POR longdescription":"Jordânia","SPA longdescription":"Jordania"},{"Id":"JPN","ENG Description":"Japan","FRA Description":"Japon","POR Description":"Japão","SPA Description":"Japón","ENG longdescription":"Japan","FRA longdescription":"Japon","POR longdescription":"Japão","SPA longdescription":"Japón"},{"Id":"KAZ","ENG Description":"Kazakhstan","FRA Description":"Kazakhstan","POR Description":"Cazaquistão","SPA Description":"Kazajstán","ENG longdescription":"Kazakhstan","FRA longdescription":"Kazakhstan","POR longdescription":"Cazaquistão","SPA longdescription":"Kazajstán"},{"Id":"KEN","ENG Description":"Kenya","FRA Description":"Kenya","POR Description":"Quênia","SPA Description":"Kenia","ENG longdescription":"Kenya","FRA longdescription":"Kenya","POR longdescription":"Quênia","SPA longdescription":"Kenia"},{"Id":"KGZ","ENG Description":"Kyrgyzstan","FRA Description":"Kirghizistan","POR Description":"Quirguistão","SPA Description":"Kirguistán","ENG longdescription":"Kyrgyzstan","FRA longdescription":"Kirghizistan","POR longdescription":"Quirguistão","SPA longdescription":"Kirguistán"},{"Id":"KIR","ENG Description":"Kiribati","FRA Description":"Kiribati","POR Description":"Kiribati","SPA Description":"Kiribati","ENG longdescription":"Kiribati","FRA longdescription":"Kiribati","POR longdescription":"Kiribati","SPA longdescription":"Kiribati"},{"Id":"KOR","ENG Description":"Republic of Korea","FRA Description":"République de Corée","POR Description":"República da Coréia","SPA Description":"República de Corea","ENG longdescription":"Republic of Korea","FRA longdescription":"République de Corée","POR longdescription":"República da Coréia","SPA longdescription":"República de Corea"},{"Id":"KOS","ENG Description":"Kosovo","FRA Description":"Kosovo","POR Description":"Kosovo","SPA Description":"Kosovo","ENG longdescription":"Kosovo","FRA longdescription":"Kosovo","POR longdescription":"Kosovo","SPA longdescription":"Kosovo"},{"Id":"KSA","ENG Description":"Saudi Arabia","FRA Description":"Arabie saoudite","POR Description":"Arábia Saudita","SPA Description":"Arabia Saudí","ENG longdescription":"Saudi Arabia","FRA longdescription":"Arabie saoudite","POR longdescription":"Arábia Saudita","SPA longdescription":"Arabia Saudí"},{"Id":"KUW","ENG Description":"Kuwait","FRA Description":"Koweït","POR Description":"Kuaite","SPA Description":"Kuwait","ENG longdescription":"Kuwait","FRA longdescription":"Koweït","POR longdescription":"Kuaite","SPA longdescription":"Kuwait"},{"Id":"LAO","ENG Description":"Lao People's Democratic Repub.","FRA Description":"Répub. Démocrat. Populaire Lao","POR Description":"Rep. Democrática Popular Laos","SPA Description":"Rep. Democrática Popular Lao","ENG longdescription":"Lao People's Democratic Republic","FRA longdescription":"République Démocratique Populaire Lao","POR longdescription":"República Democrática Popular do Laos","SPA longdescription":"República Democrática Popular Lao"},{"Id":"LAT","ENG Description":"Latvia","FRA Description":"Lettonie","POR Description":"Letônia","SPA Description":"Letonia","ENG longdescription":"Latvia","FRA longdescription":"Lettonie","POR longdescription":"Letônia","SPA longdescription":"Letonia"},{"Id":"LBA","ENG Description":"Libya","FRA Description":"Libye","POR Description":"Líbia","SPA Description":"Libia","ENG longdescription":"Libya","FRA longdescription":"Libye","POR longdescription":"Líbia","SPA longdescription":"Libia"},{"Id":"LBR","ENG Description":"Liberia","FRA Description":"Libéria","POR Description":"Libéria","SPA Description":"Liberia","ENG longdescription":"Liberia","FRA longdescription":"Libéria","POR longdescription":"Libéria","SPA longdescription":"Liberia"},{"Id":"LCA","ENG Description":"Saint Lucia","FRA Description":"Sainte-Lucie","POR Description":"Santa Lúcia","SPA Description":"Santa Lucia","ENG longdescription":"Saint Lucia","FRA longdescription":"Sainte-Lucie","POR longdescription":"Santa Lúcia","SPA longdescription":"Santa Lucia"},{"Id":"LES","ENG Description":"Lesotho","FRA Description":"Lesotho","POR Description":"Lesoto","SPA Description":"Lesotho","ENG longdescription":"Lesotho","FRA longdescription":"Lesotho","POR longdescription":"Lesoto","SPA longdescription":"Lesotho"},{"Id":"LIB","ENG Description":"Lebanon","FRA Description":"Liban","POR Description":"Líbano","SPA Description":"Líbano","ENG longdescription":"Lebanon","FRA longdescription":"Liban","POR longdescription":"Líbano","SPA longdescription":"Líbano"},{"Id":"LIE","ENG Description":"Liechtenstein","FRA Description":"Liechtenstein","POR Description":"Liechtenstein","SPA Description":"Liechtenstein","ENG longdescription":"Liechtenstein","FRA longdescription":"Liechtenstein","POR longdescription":"Liechtenstein","SPA longdescription":"Liechtenstein"},{"Id":"LTU","ENG Description":"Lithuania","FRA Description":"Lituanie","POR Description":"Lituânia","SPA Description":"Lituania","ENG longdescription":"Lithuania","FRA longdescription":"Lituanie","POR longdescription":"Lituânia","SPA longdescription":"Lituania"},{"Id":"LUX","ENG Description":"Luxembourg","FRA Description":"Luxembourg","POR Description":"Luxemburgo","SPA Description":"Luxemburgo","ENG longdescription":"Luxembourg","FRA longdescription":"Luxembourg","POR longdescription":"Luxemburgo","SPA longdescription":"Luxemburgo"},{"Id":"MAC","ENG Description":"Macao, China","FRA Description":"Macao, Chine","POR Description":"Macau, China","SPA Description":"Macao, China","ENG longdescription":"Macao, China","FRA longdescription":"Macao, Chine","POR longdescription":"Macau, China","SPA longdescription":"Macao, China"},{"Id":"MAD","ENG Description":"Madagascar","FRA Description":"Madagascar","POR Description":"Madagascar","SPA Description":"Madagascar","ENG longdescription":"Madagascar","FRA longdescription":"Madagascar","POR longdescription":"Madagascar","SPA longdescription":"Madagascar"},{"Id":"MAF","ENG Description":"Saint-Martin (French part)","FRA Description":"Saint-Martin (PartieFrançaise)","POR Description":"São Martinho (França)","SPA Description":"San Martín (Francia)","ENG longdescription":"Saint-Martin","FRA longdescription":"Saint-Martin","POR longdescription":"São Martinho","SPA longdescription":"San Martín"},{"Id":"MAR","ENG Description":"Morocco","FRA Description":"Maroc","POR Description":"Marrocos","SPA Description":"Marruecos","ENG longdescription":"Morocco","FRA longdescription":"Maroc","POR longdescription":"Marrocos","SPA longdescription":"Marruecos"},{"Id":"MAS","ENG Description":"Malaysia","FRA Description":"Malaisie","POR Description":"Malásia","SPA Description":"Malasia","ENG longdescription":"Malaysia","FRA longdescription":"Malaisie","POR longdescription":"Malásia","SPA longdescription":"Malasia"},{"Id":"MAW","ENG Description":"Malawi","FRA Description":"Malawi","POR Description":"Maláui","SPA Description":"Malawi","ENG longdescription":"Malawi","FRA longdescription":"Malawi","POR longdescription":"Maláui","SPA longdescription":"Malawi"},{"Id":"MDA","ENG Description":"Republic of Moldova","FRA Description":"République de Moldova","POR Description":"República da Moldova","SPA Description":"República de Moldavia","ENG longdescription":"Republic of Moldova","FRA longdescription":"République de Moldova","POR longdescription":"República da Moldova","SPA longdescription":"República de Moldavia"},{"Id":"MDV","ENG Description":"Maldives","FRA Description":"Maldives","POR Description":"Maldivas","SPA Description":"Maldivas","ENG longdescription":"Maldives","FRA longdescription":"Maldives","POR longdescription":"Maldivas","SPA longdescription":"Maldivas"},{"Id":"MEX","ENG Description":"Mexico","FRA Description":"Mexique","POR Description":"México","SPA Description":"México","ENG longdescription":"Mexico","FRA longdescription":"Mexique","POR longdescription":"México","SPA longdescription":"México"},{"Id":"MGL","ENG Description":"Mongolia","FRA Description":"Mongolie","POR Description":"Mongólia","SPA Description":"Mongolia","ENG longdescription":"Mongolia","FRA longdescription":"Mongolie","POR longdescription":"Mongólia","SPA longdescription":"Mongolia"},{"Id":"MHL","ENG Description":"Marshall Islands","FRA Description":"Îles Marshall","POR Description":"Ilhas Marshall","SPA Description":"Islas Marshall","ENG longdescription":"Marshall Islands","FRA longdescription":"Îles Marshall","POR longdescription":"Ilhas Marshall","SPA longdescription":"Islas Marshall"},{"Id":"MKD","ENG Description":"Former Yugoslav Rep. Macedonia","FRA Description":"Ex-Rp. Yougoslave de Macédoine","POR Description":"Ex-Rep. Iugoslava da Macedônia","SPA Description":"Ex Rep. Yugoslava de Macedonia","ENG longdescription":"The Former Yugoslav Republic of Macedonia","FRA longdescription":"Ex-République Yougoslave de Macédoine","POR longdescription":"Ex-República Iugoslava da Macedônia","SPA longdescription":"Ex República Yugoslava de Macedonia"},{"Id":"MLI","ENG Description":"Mali","FRA Description":"Mali","POR Description":"Mali","SPA Description":"Mali","ENG longdescription":"Mali","FRA longdescription":"Mali","POR longdescription":"Mali","SPA longdescription":"Mali"},{"Id":"MLT","ENG Description":"Malta","FRA Description":"Malte","POR Description":"Malta","SPA Description":"Malta","ENG longdescription":"Malta","FRA longdescription":"Malte","POR longdescription":"Malta","SPA longdescription":"Malta"},{"Id":"MNE","ENG Description":"Montenegro","FRA Description":"Monténégro","POR Description":"Montenegro","SPA Description":"Montenegro","ENG longdescription":"Montenegro","FRA longdescription":"Monténégro","POR longdescription":"Montenegro","SPA longdescription":"Montenegro"},{"Id":"MNP","ENG Description":"Northern Mariana Islands","FRA Description":"Îles Mariannes du Nord","POR Description":"Marianas Setentrionais","SPA Description":"Islas Marianas del Norte","ENG longdescription":"Northern Marianas Islands","FRA longdescription":"Îles Mariannes du Nord","POR longdescription":"Marianas Setentrionais","SPA longdescription":"Islas Marianas del Norte"},{"Id":"MON","ENG Description":"Monaco","FRA Description":"Monaco","POR Description":"Mônaco","SPA Description":"Mónaco","ENG longdescription":"Monaco","FRA longdescription":"Monaco","POR longdescription":"Mônaco","SPA longdescription":"Mónaco"},{"Id":"MOZ","ENG Description":"Mozambique","FRA Description":"Mozambique","POR Description":"Moçambique","SPA Description":"Mozambique","ENG longdescription":"Mozambique","FRA longdescription":"Mozambique","POR longdescription":"Moçambique","SPA longdescription":"Mozambique"},{"Id":"MRI","ENG Description":"Mauritius","FRA Description":"Maurice","POR Description":"Maurício","SPA Description":"Mauricio","ENG longdescription":"Mauritius","FRA longdescription":"Maurice","POR longdescription":"Maurício","SPA longdescription":"Mauricio"},{"Id":"MSR","ENG Description":"Montserrat","FRA Description":"Montserrat","POR Description":"Montserrat","SPA Description":"Montserrat","ENG longdescription":"Montserrat","FRA longdescription":"Montserrat","POR longdescription":"Montserrat","SPA longdescription":"Montserrat"},{"Id":"MTN","ENG Description":"Mauritania","FRA Description":"Mauritanie","POR Description":"Mauritânia","SPA Description":"Mauritania","ENG longdescription":"Mauritania","FRA longdescription":"Mauritanie","POR longdescription":"Mauritânia","SPA longdescription":"Mauritania"},{"Id":"MTQ","ENG Description":"Martinique","FRA Description":"Martinique","POR Description":"Martinica","SPA Description":"Martinica","ENG longdescription":"Martinique","FRA longdescription":"Martinique","POR longdescription":"Martinica","SPA longdescription":"Martinica"},{"Id":"MYA","ENG Description":"Myanmar","FRA Description":"Myanmar","POR Description":"Myanmar","SPA Description":"Myanmar","ENG longdescription":"Myanmar","FRA longdescription":"Myanmar","POR longdescription":"Myanmar","SPA longdescription":"Myanmar"},{"Id":"MYT","ENG Description":"Mayotte","FRA Description":"Mayotte","POR Description":"Mayotte","SPA Description":"Mayotte","ENG longdescription":"Mayotte","FRA longdescription":"Mayotte","POR longdescription":"Mayotte","SPA longdescription":"Mayotte"},{"Id":"NAM","ENG Description":"Namibia","FRA Description":"Namibie","POR Description":"Namíbia","SPA Description":"Namibia","ENG longdescription":"Namibia","FRA longdescription":"Namibie","POR longdescription":"Namíbia","SPA longdescription":"Namibia"},{"Id":"NCA","ENG Description":"Nicaragua","FRA Description":"Nicaragua","POR Description":"Nicarágua","SPA Description":"Nicaragua","ENG longdescription":"Nicaragua","FRA longdescription":"Nicaragua","POR longdescription":"Nicarágua","SPA longdescription":"Nicaragua"},{"Id":"NCL","ENG Description":"New Caledonia","FRA Description":"Nouvelle-Calédonie","POR Description":"Nova Caledônia","SPA Description":"Nueva Caledonia","ENG longdescription":"New Caledonia","FRA longdescription":"Nouvelle-Calédonie","POR longdescription":"Nova Caledônia","SPA longdescription":"Nueva Caledonia"},{"Id":"NED","ENG Description":"Netherlands","FRA Description":"Pays-Bas","POR Description":"Países Baixos","SPA Description":"Países Bajos","ENG longdescription":"Netherlands","FRA longdescription":"Pays-Bas","POR longdescription":"Países Baixos","SPA longdescription":"Países Bajos"},{"Id":"NEP","ENG Description":"Nepal","FRA Description":"Népal","POR Description":"Nepal","SPA Description":"Nepal","ENG longdescription":"Nepal","FRA longdescription":"Népal","POR longdescription":"Nepal","SPA longdescription":"Nepal"},{"Id":"NFK","ENG Description":"Norfolk Island","FRA Description":"Île Norfolk","POR Description":"Ilha Norfolk","SPA Description":"Isla Norfolk","ENG longdescription":"Norfolk Island","FRA longdescription":"Île Norfolk","POR longdescription":"Ilha Norfolk","SPA longdescription":"Isla Norfolk"},{"Id":"NGR","ENG Description":"Nigeria","FRA Description":"Nigéria","POR Description":"Nigéria","SPA Description":"Nigeria","ENG longdescription":"Nigeria","FRA longdescription":"Nigéria","POR longdescription":"Nigéria","SPA longdescription":"Nigeria"},{"Id":"NIG","ENG Description":"Niger","FRA Description":"Niger","POR Description":"Níger","SPA Description":"Níger","ENG longdescription":"Niger","FRA longdescription":"Niger","POR longdescription":"Níger","SPA longdescription":"Níger"},{"Id":"NIU","ENG Description":"Niue","FRA Description":"Niue","POR Description":"Niue","SPA Description":"Niue","ENG longdescription":"Niue","FRA longdescription":"Niue","POR longdescription":"Niue","SPA longdescription":"Niue"},{"Id":"NOR","ENG Description":"Norway","FRA Description":"Norvège","POR Description":"Noruega","SPA Description":"Noruega","ENG longdescription":"Norway","FRA longdescription":"Norvège","POR longdescription":"Noruega","SPA longdescription":"Noruega"},{"Id":"NRU","ENG Description":"Nauru","FRA Description":"Nauru","POR Description":"Nauru","SPA Description":"Nauru","ENG longdescription":"Nauru","FRA longdescription":"Nauru","POR longdescription":"Nauru","SPA longdescription":"Nauru"},{"Id":"NZL","ENG Description":"New Zealand","FRA Description":"Nouvelle-Zélande","POR Description":"Nova Zelândia","SPA Description":"Nueva Zelanda","ENG longdescription":"New Zealand","FRA longdescription":"Nouvelle-Zélande","POR longdescription":"Nova Zelândia","SPA longdescription":"Nueva Zelanda"},{"Id":"OMA","ENG Description":"Oman","FRA Description":"Oman","POR Description":"Omã","SPA Description":"Omán","ENG longdescription":"Oman","FRA longdescription":"Oman","POR longdescription":"Omã","SPA longdescription":"Omán"},{"Id":"PAK","ENG Description":"Pakistan","FRA Description":"Pakistan","POR Description":"Paquistão","SPA Description":"Pakistán","ENG longdescription":"Pakistan","FRA longdescription":"Pakistan","POR longdescription":"Paquistão","SPA longdescription":"Pakistán"},{"Id":"PAN","ENG Description":"Panama","FRA Description":"Panama","POR Description":"Panamá","SPA Description":"Panamá","ENG longdescription":"Panama","FRA longdescription":"Panama","POR longdescription":"Panamá","SPA longdescription":"Panamá"},{"Id":"PAR","ENG Description":"Paraguay","FRA Description":"Paraguay","POR Description":"Paraguai","SPA Description":"Paraguay","ENG longdescription":"Paraguay","FRA longdescription":"Paraguay","POR longdescription":"Paraguai","SPA longdescription":"Paraguay"},{"Id":"PCN","ENG Description":"Pitcairn Islands","FRA Description":"Îles Pitcairn","POR Description":"Ilhas Pitcairn","SPA Description":"Islas Pitcairn","ENG longdescription":"Pitcairn Islands","FRA longdescription":"Îles Pitcairn","POR longdescription":"Ilhas Pitcairn","SPA longdescription":"Islas Pitcairn"},{"Id":"PER","ENG Description":"Peru","FRA Description":"Pérou","POR Description":"Peru","SPA Description":"Perú","ENG longdescription":"Peru","FRA longdescription":"Pérou","POR longdescription":"Peru","SPA longdescription":"Perú"},{"Id":"PHI","ENG Description":"Philippines","FRA Description":"Philippines","POR Description":"Filipinas","SPA Description":"Filipinas","ENG longdescription":"Philippines","FRA longdescription":"Philippines","POR longdescription":"Filipinas","SPA longdescription":"Filipinas"},{"Id":"PLE","ENG Description":"Palestine","FRA Description":"Palestine","POR Description":"Palestina","SPA Description":"Palestina","ENG longdescription":"Palestine","FRA longdescription":"Palestine","POR longdescription":"Palestina","SPA longdescription":"Palestina"},{"Id":"PLW","ENG Description":"Palau","FRA Description":"Palaos","POR Description":"Palau","SPA Description":"Palaos","ENG longdescription":"Palau","FRA longdescription":"Palaos","POR longdescription":"Palau","SPA longdescription":"Palaos"},{"Id":"PNG","ENG Description":"Papua New Guinea","FRA Description":"Papouasie-Nouvelle-Guinée","POR Description":"Papua Nova Guiné","SPA Description":"Papúa-Nueva Guinea","ENG longdescription":"Papua New Guinea","FRA longdescription":"Papouasie-Nouvelle-Guinée","POR longdescription":"Papua Nova Guiné","SPA longdescription":"Papúa-Nueva Guinea"},{"Id":"POL","ENG Description":"Poland","FRA Description":"Pologne","POR Description":"Polônia","SPA Description":"Polonia","ENG longdescription":"Poland","FRA longdescription":"Pologne","POR longdescription":"Polônia","SPA longdescription":"Polonia"},{"Id":"POR","ENG Description":"Portugal","FRA Description":"Portugal","POR Description":"Portugal","SPA Description":"Portugal","ENG longdescription":"Portugal","FRA longdescription":"Portugal","POR longdescription":"Portugal","SPA longdescription":"Portugal"},{"Id":"PRK","ENG Description":"Dem. People's Repub. of Korea","FRA Description":"Répub. populaire dém. de Corée","POR Description":"Rep. Popular Dem. da Coréia","SPA Description":"Rep. Popular Dem. de Corea","ENG longdescription":"Democratic People's Republic of Korea","FRA longdescription":"République populaire démocratique de Corée","POR longdescription":"República Popular Democrática da Coréia","SPA longdescription":"República Popular Democrática de Corea"},{"Id":"PUR","ENG Description":"Puerto Rico","FRA Description":"Porto Rico","POR Description":"Porto Rico","SPA Description":"Puerto Rico","ENG longdescription":"Puerto Rico","FRA longdescription":"Porto Rico","POR longdescription":"Porto Rico","SPA longdescription":"Puerto Rico"},{"Id":"PYF","ENG Description":"French Polynesia","FRA Description":"Polynésie française","POR Description":"Polinésia Francesa","SPA Description":"Polinesia Francesa","ENG longdescription":"French Polynesia","FRA longdescription":"Polynésie française","POR longdescription":"Polinésia Francesa","SPA longdescription":"Polinesia Francesa"},{"Id":"QAT","ENG Description":"Qatar","FRA Description":"Qatar","POR Description":"Catar","SPA Description":"Qatar","ENG longdescription":"Qatar","FRA longdescription":"Qatar","POR longdescription":"Catar","SPA longdescription":"Qatar"},{"Id":"REU","ENG Description":"Réunion","FRA Description":"Réunion","POR Description":"Reunião","SPA Description":"Réunion","ENG longdescription":"Réunion","FRA longdescription":"Réunion","POR longdescription":"Reunião","SPA longdescription":"Réunion"},{"Id":"ROT","ENG Description":"Refugee Olympic Team","FRA Description":"ROT","POR Description":"ROT","SPA Description":"ROT","ENG longdescription":"Refugee Olympic Team","FRA longdescription":"Équipe Olympique de Réfugiés","POR longdescription":"Time Olímpico de Refugiados","SPA longdescription":"Equipo Olímpico de Refugiados"},{"Id":"ROU","ENG Description":"Romania","FRA Description":"Roumanie","POR Description":"Romênia","SPA Description":"Rumanía","ENG longdescription":"Romania","FRA longdescription":"Roumanie","POR longdescription":"Romênia","SPA longdescription":"Rumanía"},{"Id":"RSA","ENG Description":"South Africa","FRA Description":"Afrique du Sud","POR Description":"África do Sul","SPA Description":"Sudáfrica","ENG longdescription":"South Africa","FRA longdescription":"Afrique du Sud","POR longdescription":"África do Sul","SPA longdescription":"Sudáfrica"},{"Id":"RUS","ENG Description":"Russian Federation","FRA Description":"Fédération de Russie","POR Description":"Federação da Rússia","SPA Description":"Federación de Rusia","ENG longdescription":"Russian Federation","FRA longdescription":"Fédération de Russie","POR longdescription":"Federação da Rússia","SPA longdescription":"Federación de Rusia"},{"Id":"RWA","ENG Description":"Rwanda","FRA Description":"Rwanda","POR Description":"Ruanda","SPA Description":"Ruanda","ENG longdescription":"Rwanda","FRA longdescription":"Rwanda","POR longdescription":"Ruanda","SPA longdescription":"Ruanda"},{"Id":"SAM","ENG Description":"Samoa","FRA Description":"Samoa","POR Description":"Samoa","SPA Description":"Samoa","ENG longdescription":"Samoa","FRA longdescription":"Samoa","POR longdescription":"Samoa","SPA longdescription":"Samoa"},{"Id":"SCG","ENG Description":"Serbia and Montenegro","FRA Description":"Serbie-et-Monténégro","POR Description":"Sérvia e Montenegro","SPA Description":"Serbia y Montenegro","ENG longdescription":"Serbia and Montenegro","FRA longdescription":"Serbie-et-Monténégro","POR longdescription":"Estado da Sérvia e Montenegro","SPA longdescription":"Serbia y Montenegro"},{"Id":"SEN","ENG Description":"Senegal","FRA Description":"Sénégal","POR Description":"Senegal","SPA Description":"Senegal","ENG longdescription":"Senegal","FRA longdescription":"Sénégal","POR longdescription":"Senegal","SPA longdescription":"Senegal"},{"Id":"SEY","ENG Description":"Seychelles","FRA Description":"Seychelles","POR Description":"Seicheles","SPA Description":"Seychelles","ENG longdescription":"Seychelles","FRA longdescription":"Seychelles","POR longdescription":"Seicheles","SPA longdescription":"Seychelles"},{"Id":"SGS","ENG Description":"S. Georgia and S. Sandwich Is.","FRA Description":"Géorgie Sud et Î. Sandwich Sud","POR Description":"Geórgia Sul e Il. Sandwich Sul","SPA Description":"Is Georgias Sur y Sandwich Sur","ENG longdescription":"South Georgia and the South Sandwich Islands","FRA longdescription":"Géorgie du Sud-et-les Îles Sandwich du Sud","POR longdescription":"Geórgia do Sul e das Ilhas Sandwich do Sul","SPA longdescription":"Islas Georgias del Sur y Sandwich del Sur"},{"Id":"SHN","ENG Description":"Saint Helena","FRA Description":"Sainte-Hélène","POR Description":"Santa Helena","SPA Description":"Santa Elena","ENG longdescription":"Saint Helena, Ascension and Tristan da Cunha","FRA longdescription":"Sainte-Hélène, Ascension et Tristan da Cunha","POR longdescription":"Santa Helena, Ascensão e Tristão da Cunha","SPA longdescription":"Santa Elena, Ascensión y Tristán de Acuña"},{"Id":"SIN","ENG Description":"Singapore","FRA Description":"Singapour","POR Description":"Cingapura","SPA Description":"Singapur","ENG longdescription":"Singapore","FRA longdescription":"Singapour","POR longdescription":"Cingapura","SPA longdescription":"Singapur"},{"Id":"SJM","ENG Description":"Svalbard and Jan Mayen","FRA Description":"Svalbard et Jan Mayen","POR Description":"Svalbard e Jan Mayen","SPA Description":"Svalbard y Jan Mayen","ENG longdescription":"Svalbard and Jan Mayen","FRA longdescription":"Svalbard et Jan Mayen","POR longdescription":"Svalbard e Jan Mayen","SPA longdescription":"Svalbard y Jan Mayen"},{"Id":"SKN","ENG Description":"Saint Kitts and Nevis","FRA Description":"Saint-Kitts-et-Nevis","POR Description":"São Cristóvão e Névis","SPA Description":"San Cristóbal y Nieves","ENG longdescription":"Saint Kitts and Nevis","FRA longdescription":"Saint-Kitts-et-Nevis","POR longdescription":"São Cristóvão e Névis","SPA longdescription":"San Cristóbal y Nieves"},{"Id":"SLE","ENG Description":"Sierra Leone","FRA Description":"Sierra Leone","POR Description":"Serra Leoa","SPA Description":"Sierra Leona","ENG longdescription":"Sierra Leone","FRA longdescription":"Sierra Leone","POR longdescription":"Serra Leoa","SPA longdescription":"Sierra Leona"},{"Id":"SLO","ENG Description":"Slovenia","FRA Description":"Slovénie","POR Description":"Eslovênia","SPA Description":"Eslovenia","ENG longdescription":"Slovenia","FRA longdescription":"Slovénie","POR longdescription":"Eslovênia","SPA longdescription":"Eslovenia"},{"Id":"SMR","ENG Description":"San Marino","FRA Description":"Saint-Marin","POR Description":"San Marino","SPA Description":"San Marino","ENG longdescription":"San Marino","FRA longdescription":"Saint-Marin","POR longdescription":"San Marino","SPA longdescription":"San Marino"},{"Id":"SOL","ENG Description":"Solomon Islands","FRA Description":"Îles Salomon","POR Description":"Ilhas Salomão","SPA Description":"Islas Salomón","ENG longdescription":"Solomon Islands","FRA longdescription":"Îles Salomon","POR longdescription":"Ilhas Salomão","SPA longdescription":"Islas Salomón"},{"Id":"SOM","ENG Description":"Somalia","FRA Description":"Somalie","POR Description":"Somália","SPA Description":"Somalia","ENG longdescription":"Somalia","FRA longdescription":"Somalie","POR longdescription":"Somália","SPA longdescription":"Somalia"},{"Id":"SPM","ENG Description":"Saint Pierre and Miquelon","FRA Description":"Saint-Pierre-et-Miquelon","POR Description":"Saint-Pierre e Miquelon","SPA Description":"San Pedro y Miquelón","ENG longdescription":"Saint Pierre and Miquelon","FRA longdescription":"Saint-Pierre-et-Miquelon","POR longdescription":"Saint-Pierre e Miquelon","SPA longdescription":"San Pedro y Miquelón"},{"Id":"SRB","ENG Description":"Serbia","FRA Description":"Serbie","POR Description":"Sérvia","SPA Description":"Serbia","ENG longdescription":"Serbia","FRA longdescription":"Serbie","POR longdescription":"Sérvia","SPA longdescription":"Serbia"},{"Id":"SRI","ENG Description":"Sri Lanka","FRA Description":"Sri Lanka","POR Description":"Sri Lanka","SPA Description":"Sri Lanka","ENG longdescription":"Sri Lanka","FRA longdescription":"Sri Lanka","POR longdescription":"Sri Lanka","SPA longdescription":"Sri Lanka"},{"Id":"SSD","ENG Description":"South Sudan","FRA Description":"Soudan du Sud","POR Description":"Sudão do Sul","SPA Description":"Sudán del Sur","ENG longdescription":"South Sudan","FRA longdescription":"Soudan du Sud","POR longdescription":"Sudão do Sul","SPA longdescription":"Sudán del Sur"},{"Id":"STP","ENG Description":"Sao Tome and Principe","FRA Description":"Sao Tomé-et-Principe","POR Description":"São Tomé e Príncipe","SPA Description":"Santo Tomé y Príncipe","ENG longdescription":"Sao Tome and Principe","FRA longdescription":"Sao Tomé-et-Principe","POR longdescription":"São Tomé e Príncipe","SPA longdescription":"Santo Tomé y Príncipe"},{"Id":"SUD","ENG Description":"Sudan","FRA Description":"Soudan","POR Description":"Sudão","SPA Description":"Sudán","ENG longdescription":"Sudan","FRA longdescription":"Soudan","POR longdescription":"Sudão","SPA longdescription":"Sudán"},{"Id":"SUI","ENG Description":"Switzerland","FRA Description":"Suisse","POR Description":"Suíça","SPA Description":"Suiza","ENG longdescription":"Switzerland","FRA longdescription":"Suisse","POR longdescription":"Suíça","SPA longdescription":"Suiza"},{"Id":"SUR","ENG Description":"Suriname","FRA Description":"Suriname","POR Description":"Suriname","SPA Description":"Surinam","ENG longdescription":"Suriname","FRA longdescription":"Suriname","POR longdescription":"Suriname","SPA longdescription":"Surinam"},{"Id":"SVK","ENG Description":"Slovakia","FRA Description":"Slovaquie","POR Description":"Eslováquia","SPA Description":"Eslovaquia","ENG longdescription":"Slovakia","FRA longdescription":"Slovaquie","POR longdescription":"Eslováquia","SPA longdescription":"Eslovaquia"},{"Id":"SWE","ENG Description":"Sweden","FRA Description":"Suède","POR Description":"Suécia","SPA Description":"Suecia","ENG longdescription":"Sweden","FRA longdescription":"Suède","POR longdescription":"Suécia","SPA longdescription":"Suecia"},{"Id":"SWZ","ENG Description":"Swaziland","FRA Description":"Swaziland","POR Description":"Suazilândia","SPA Description":"Suazilandia","ENG longdescription":"Swaziland","FRA longdescription":"Swaziland","POR longdescription":"Suazilândia","SPA longdescription":"Suazilandia"},{"Id":"SXM","ENG Description":"Sint Maarten (Dutch Part)","FRA Description":"Saint-Martin (PartieNéerland.)","POR Description":"São Martinho (Países Baixos)","SPA Description":"Sint Maarten (Países Bajos)","ENG longdescription":"Sint Maarten","FRA longdescription":"Saint-Martin","POR longdescription":"São Martinho","SPA longdescription":"Sint Maarten"},{"Id":"SYR","ENG Description":"Syrian Arab Republic","FRA Description":"République arabe syrienne","POR Description":"República Árabe da Síria","SPA Description":"República Árabe Siria","ENG longdescription":"Syrian Arab Republic","FRA longdescription":"République arabe syrienne","POR longdescription":"República Árabe da Síria","SPA longdescription":"República Árabe Siria"},{"Id":"TAH","ENG Description":"Tahiti","FRA Description":"Tahiti","POR Description":"Taiti","SPA Description":"Tahití","ENG longdescription":"Tahiti","FRA longdescription":"Tahiti","POR longdescription":"Taiti","SPA longdescription":"Tahití"},{"Id":"TAN","ENG Description":"United Republic of Tanzania","FRA Description":"République unie de Tanzanie","POR Description":"República Unida da Tanzânia","SPA Description":"República Unida de Tanzania","ENG longdescription":"United Republic of Tanzania","FRA longdescription":"République unie de Tanzanie","POR longdescription":"República Unida da Tanzânia","SPA longdescription":"República Unida de Tanzania"},{"Id":"TCA","ENG Description":"Turks and Caicos Islands","FRA Description":"Îles Turks-et-Caïcos","POR Description":"Ilhas Turcas e Caicos","SPA Description":"Islas Turcas y Caicos","ENG longdescription":"Turks and Caicos Islands","FRA longdescription":"Îles Turks-et-Caïcos","POR longdescription":"Ilhas Turcas e Caicos","SPA longdescription":"Islas Turcas y Caicos"},{"Id":"TCH","ENG Description":"Czechoslovakia","FRA Description":"Tchécoslovaquie","POR Description":"Tchecoslováquia","SPA Description":"Checoslovaquia","ENG longdescription":"Czechoslovakia","FRA longdescription":"Tchécoslovaquie","POR longdescription":"Tchecoslováquia","SPA longdescription":"Checoslovaquia"},{"Id":"TGA","ENG Description":"Tonga","FRA Description":"Tonga","POR Description":"Tonga","SPA Description":"Tonga","ENG longdescription":"Tonga","FRA longdescription":"Tonga","POR longdescription":"Tonga","SPA longdescription":"Tonga"},{"Id":"THA","ENG Description":"Thailand","FRA Description":"Thaïlande","POR Description":"Tailândia","SPA Description":"Tailandia","ENG longdescription":"Thailand","FRA longdescription":"Thaïlande","POR longdescription":"Tailândia","SPA longdescription":"Tailandia"},{"Id":"TJK","ENG Description":"Tajikistan","FRA Description":"Tadjikistan","POR Description":"Tadjiquistão","SPA Description":"Tayikistán","ENG longdescription":"Tajikistan","FRA longdescription":"Tadjikistan","POR longdescription":"Tadjiquistão","SPA longdescription":"Tayikistán"},{"Id":"TKL","ENG Description":"Tokelau","FRA Description":"Tokelau","POR Description":"Tokelau","SPA Description":"Tokelau","ENG longdescription":"Tokelau","FRA longdescription":"Tokelau","POR longdescription":"Tokelau","SPA longdescription":"Tokelau"},{"Id":"TKM","ENG Description":"Turkmenistan","FRA Description":"Turkménistan","POR Description":"Turcomenistão","SPA Description":"Turkmenistán","ENG longdescription":"Turkmenistan","FRA longdescription":"Turkménistan","POR longdescription":"Turcomenistão","SPA longdescription":"Turkmenistán"},{"Id":"TLS","ENG Description":"Democratic Repub. Timor-Leste","FRA Description":"Répub. Dém. du Timor-Leste","POR Description":"Rep. Dem. de Timor-Leste","SPA Description":"Rep. Dem. de Timor Oriental","ENG longdescription":"Democratic Republic of Timor-Leste","FRA longdescription":"République Démocratique du Timor-Leste","POR longdescription":"República Democrática de Timor-Leste","SPA longdescription":"República Democrática de Timor Oriental"},{"Id":"TOG","ENG Description":"Togo","FRA Description":"Togo","POR Description":"Togo","SPA Description":"Togo","ENG longdescription":"Togo","FRA longdescription":"Togo","POR longdescription":"Togo","SPA longdescription":"Togo"},{"Id":"TPE","ENG Description":"Chinese Taipei","FRA Description":"Chinese Taipei","POR Description":"Taipé Chinesa","SPA Description":"China Taipéi","ENG longdescription":"Chinese Taipei","FRA longdescription":"Chinese Taipei","POR longdescription":"Taipé Chinesa","SPA longdescription":"China Taipéi"},{"Id":"TTO","ENG Description":"Trinidad and Tobago","FRA Description":"Trinité-et-Tobago","POR Description":"Trinidad e Tobago","SPA Description":"Trinidad y Tobago","ENG longdescription":"Trinidad and Tobago","FRA longdescription":"Trinité-et-Tobago","POR longdescription":"Trinidad e Tobago","SPA longdescription":"Trinidad y Tobago"},{"Id":"TUN","ENG Description":"Tunisia","FRA Description":"Tunisie","POR Description":"Tunísia","SPA Description":"Túnez","ENG longdescription":"Tunisia","FRA longdescription":"Tunisie","POR longdescription":"Tunísia","SPA longdescription":"Túnez"},{"Id":"TUR","ENG Description":"Turkey","FRA Description":"Turquie","POR Description":"Turquia","SPA Description":"Turquía","ENG longdescription":"Turkey","FRA longdescription":"Turquie","POR longdescription":"Turquia","SPA longdescription":"Turquía"},{"Id":"TUV","ENG Description":"Tuvalu","FRA Description":"Tuvalu","POR Description":"Tuvalu","SPA Description":"Tuvalu","ENG longdescription":"Tuvalu","FRA longdescription":"Tuvalu","POR longdescription":"Tuvalu","SPA longdescription":"Tuvalu"},{"Id":"UAE","ENG Description":"United Arab Emirates","FRA Description":"Émirats Arabes Unis","POR Description":"Emirados Árabes Unidos","SPA Description":"Emiratos Árabes Unidos","ENG longdescription":"United Arab Emirates","FRA longdescription":"Émirats Arabes Unis","POR longdescription":"Emirados Árabes Unidos","SPA longdescription":"Emiratos Árabes Unidos"},{"Id":"UGA","ENG Description":"Uganda","FRA Description":"Ouganda","POR Description":"Uganda","SPA Description":"Uganda","ENG longdescription":"Uganda","FRA longdescription":"Ouganda","POR longdescription":"Uganda","SPA longdescription":"Uganda"},{"Id":"UKR","ENG Description":"Ukraine","FRA Description":"Ukraine","POR Description":"Ucrânia","SPA Description":"Ucrania","ENG longdescription":"Ukraine","FRA longdescription":"Ukraine","POR longdescription":"Ucrânia","SPA longdescription":"Ucrania"},{"Id":"UMI","ENG Description":"US Outlying Islands","FRA Description":"Îles min. éloignées des É.-U.","POR Description":"Ilhas Menores Distantes dos EU","SPA Description":"Is. Ultramarinas Men. de EEUU","ENG longdescription":"US Outlying Islands","FRA longdescription":"Îles min. éloignées des É.-U.","POR longdescription":"Ilhas Menores Distantes dos Estados Unidos","SPA longdescription":"Islas Ultramarinas Menores de EEUU"},{"Id":"URS","ENG Description":"USSR","FRA Description":"U.R.S.S.","POR Description":"U.R.S.S.","SPA Description":"URSS","ENG longdescription":"USSR","FRA longdescription":"U.R.S.S.","POR longdescription":"União das Repúblicas Socialistas Soviéticas","SPA longdescription":"URSS"},{"Id":"URU","ENG Description":"Uruguay","FRA Description":"Uruguay","POR Description":"Uruguai","SPA Description":"Uruguay","ENG longdescription":"Uruguay","FRA longdescription":"Uruguay","POR longdescription":"Uruguai","SPA longdescription":"Uruguay"},{"Id":"USA","ENG Description":"United States of America","FRA Description":"États-Unis d'Amérique","POR Description":"Estados Unidos da América","SPA Description":"Estados Unidos de América","ENG longdescription":"United States of America","FRA longdescription":"États-Unis d'Amérique","POR longdescription":"Estados Unidos da América","SPA longdescription":"Estados Unidos de América"},{"Id":"UZB","ENG Description":"Uzbekistan","FRA Description":"Ouzbékistan","POR Description":"Uzbequistão","SPA Description":"Uzbekistán","ENG longdescription":"Uzbekistan","FRA longdescription":"Ouzbékistan","POR longdescription":"Uzbequistão","SPA longdescription":"Uzbekistán"},{"Id":"VAN","ENG Description":"Vanuatu","FRA Description":"Vanuatu","POR Description":"Vanuatu","SPA Description":"Vanuatu","ENG longdescription":"Vanuatu","FRA longdescription":"Vanuatu","POR longdescription":"Vanuatu","SPA longdescription":"Vanuatu"},{"Id":"VAT","ENG Description":"Vatican","FRA Description":"Vatican","POR Description":"Vaticano","SPA Description":"Vaticano","ENG longdescription":"Vatican","FRA longdescription":"Vatican","POR longdescription":"Vaticano","SPA longdescription":"Vaticano"},{"Id":"VEN","ENG Description":"Venezuela","FRA Description":"Venezuela","POR Description":"Venezuela","SPA Description":"Venezuela","ENG longdescription":"Venezuela","FRA longdescription":"Venezuela","POR longdescription":"Venezuela","SPA longdescription":"Venezuela"},{"Id":"VIE","ENG Description":"Vietnam","FRA Description":"Vietnam","POR Description":"Vietnã","SPA Description":"Vietnam","ENG longdescription":"Vietnam","FRA longdescription":"Vietnam","POR longdescription":"Vietnã","SPA longdescription":"Vietnam"},{"Id":"VIN","ENG Description":"St Vincent and the Grenadines","FRA Description":"St.-Vincent-et-les-Grenadines","POR Description":"São Vicente e Granadinas","SPA Description":"San Vicente y las Granadinas","ENG longdescription":"St Vincent and the Grenadines","FRA longdescription":"Saint-Vincent-et-les-Grenadines","POR longdescription":"São Vicente e Granadinas","SPA longdescription":"San Vicente y las Granadinas"},{"Id":"WLF","ENG Description":"Wallis and Futuna","FRA Description":"Wallis-et-Futuna","POR Description":"Wallis e Futuna","SPA Description":"Wallis y Futuna","ENG longdescription":"Wallis and Futuna","FRA longdescription":"Wallis-et-Futuna","POR longdescription":"Wallis e Futuna","SPA longdescription":"Wallis y Futuna"},{"Id":"YEM","ENG Description":"Yemen","FRA Description":"Yémen","POR Description":"Iêmen","SPA Description":"Yemen","ENG longdescription":"Yemen","FRA longdescription":"Yémen","POR longdescription":"Iêmen","SPA longdescription":"Yemen"},{"Id":"YUG","ENG Description":"Yugoslavia","FRA Description":"Yougoslavie","POR Description":"Iugoslávia","SPA Description":"Yugoslavia","ENG longdescription":"The Federal Republic of Yugoslavia","FRA longdescription":"Yougoslavie","POR longdescription":"República Socialista Federativa da Iugoslávia","SPA longdescription":"República Federativa de Yugoslavia"},{"Id":"ZAM","ENG Description":"Zambia","FRA Description":"Zambie","POR Description":"Zâmbia","SPA Description":"Zambia","ENG longdescription":"Zambia","FRA longdescription":"Zambie","POR longdescription":"Zâmbia","SPA longdescription":"Zambia"},{"Id":"ZIM","ENG Description":"Zimbabwe","FRA Description":"Zimbabwe","POR Description":"Zimbábue","SPA Description":"Zimbabue","ENG longdescription":"Zimbabwe","FRA longdescription":"Zimbabwe","POR longdescription":"Zimbábue","SPA longdescription":"Zimbabue"}]